name,end_month,return_pct
daily_NAV20_sector4_FULL_before_tax,2013-12-31,11.57123359319716
daily_NAV20_sector4_FULL_before_tax,2014-01-31,10.98710170292254
daily_NAV20_sector4_FULL_before_tax,2014-02-28,15.336914051449678
daily_NAV20_sector4_FULL_before_tax,2014-03-31,14.752420692261925
daily_NAV20_sector4_FULL_before_tax,2014-04-30,16.28069677231514
daily_NAV20_sector4_FULL_before_tax,2014-05-31,22.35306578880989
daily_NAV20_sector4_FULL_before_tax,2014-06-30,30.622345287467944
daily_NAV20_sector4_FULL_before_tax,2014-07-31,24.31115162162807
daily_NAV20_sector4_FULL_before_tax,2014-08-31,27.74165803795341
daily_NAV20_sector4_FULL_before_tax,2014-09-30,26.81958403043101
daily_NAV20_sector4_FULL_before_tax,2014-10-31,24.817260848861487
daily_NAV20_sector4_FULL_before_tax,2014-11-30,30.8187437993817
daily_NAV20_sector4_FULL_before_tax,2014-12-31,28.0780004757754
daily_NAV20_sector4_FULL_before_tax,2015-01-31,36.402161806783376
daily_NAV20_sector4_FULL_before_tax,2015-02-28,30.583011492256773
daily_NAV20_sector4_FULL_before_tax,2015-03-31,37.53188240795189
daily_NAV20_sector4_FULL_before_tax,2015-04-30,25.201604500955852
daily_NAV20_sector4_FULL_before_tax,2015-05-31,27.09164990367374
daily_NAV20_sector4_FULL_before_tax,2015-06-30,19.72586602838056
daily_NAV20_sector4_FULL_before_tax,2015-07-31,27.4921712596218
daily_NAV20_sector4_FULL_before_tax,2015-08-31,23.566981275630795
daily_NAV20_sector4_FULL_before_tax,2015-09-30,18.660403408300287
daily_NAV20_sector4_FULL_before_tax,2015-10-31,14.979925104631953
daily_NAV20_sector4_FULL_before_tax,2015-11-30,7.519445752868781
daily_NAV20_sector4_FULL_before_tax,2015-12-31,4.933975156068349
daily_NAV20_sector4_FULL_before_tax,2016-01-31,-4.31924851795914
daily_NAV20_sector4_FULL_before_tax,2016-02-29,-8.355797251678155
daily_NAV20_sector4_FULL_before_tax,2016-03-31,-5.574944195569021
daily_NAV20_sector4_FULL_before_tax,2016-04-30,-0.825871471885653
daily_NAV20_sector4_FULL_before_tax,2016-05-31,-6.113769528347812
daily_NAV20_sector4_FULL_before_tax,2016-06-30,-5.388656156573745
daily_NAV20_sector4_FULL_before_tax,2016-07-31,-4.632795539286083
daily_NAV20_sector4_FULL_before_tax,2016-08-31,1.0340567988067706
daily_NAV20_sector4_FULL_before_tax,2016-09-30,-0.05472899632641415
daily_NAV20_sector4_FULL_before_tax,2016-10-31,0.9207058324377293
daily_NAV20_sector4_FULL_before_tax,2016-11-30,2.9045564703914284
daily_NAV20_sector4_FULL_before_tax,2016-12-31,-0.6106385340474918
daily_NAV20_sector4_FULL_before_tax,2017-01-31,11.468436055300057
daily_NAV20_sector4_FULL_before_tax,2017-02-28,20.352879714279304
daily_NAV20_sector4_FULL_before_tax,2017-03-31,14.941241601982846
daily_NAV20_sector4_FULL_before_tax,2017-04-30,17.582900803051892
daily_NAV20_sector4_FULL_before_tax,2017-05-31,13.080992474205711
daily_NAV20_sector4_FULL_before_tax,2017-06-30,11.75261805882608
daily_NAV20_sector4_FULL_before_tax,2017-07-31,9.415418832315847
daily_NAV20_sector4_FULL_before_tax,2017-08-31,6.487874154688544
daily_NAV20_sector4_FULL_before_tax,2017-09-30,11.304877503187761
daily_NAV20_sector4_FULL_before_tax,2017-10-31,20.469302133769474
daily_NAV20_sector4_FULL_before_tax,2017-11-30,19.69243133404952
daily_NAV20_sector4_FULL_before_tax,2017-12-31,31.4770491563775
daily_NAV20_sector4_FULL_before_tax,2018-01-31,19.276777206376593
daily_NAV20_sector4_FULL_before_tax,2018-02-28,11.409454965513754
daily_NAV20_sector4_FULL_before_tax,2018-03-31,6.926967280670127
daily_NAV20_sector4_FULL_before_tax,2018-04-30,10.226461694134613
daily_NAV20_sector4_FULL_before_tax,2018-05-31,12.405493012624746
daily_NAV20_sector4_FULL_before_tax,2018-06-30,8.729283897253225
daily_NAV20_sector4_FULL_before_tax,2018-07-31,11.044486384393103
daily_NAV20_sector4_FULL_before_tax,2018-08-31,12.698629310658172
daily_NAV20_sector4_FULL_before_tax,2018-09-30,0.13874787683403333
daily_NAV20_sector4_FULL_before_tax,2018-10-31,-11.617972160380663
daily_NAV20_sector4_FULL_before_tax,2018-11-30,-10.545230098281378
daily_NAV20_sector4_FULL_before_tax,2018-12-31,-14.722266871697931
daily_NAV20_sector4_FULL_before_tax,2019-01-31,-12.872017615997855
daily_NAV20_sector4_FULL_before_tax,2019-02-28,-11.108919101980486
daily_NAV20_sector4_FULL_before_tax,2019-03-31,-4.800513262353756
daily_NAV20_sector4_FULL_before_tax,2019-04-30,-10.50969584232433
daily_NAV20_sector4_FULL_before_tax,2019-05-31,-7.671759261120059
daily_NAV20_sector4_FULL_before_tax,2019-06-30,-4.5719363333691865
daily_NAV20_sector4_FULL_before_tax,2019-07-31,-12.978918637358127
daily_NAV20_sector4_FULL_before_tax,2019-08-31,-16.097697910910767
daily_NAV20_sector4_FULL_before_tax,2019-09-30,-4.291453967510817
daily_NAV20_sector4_FULL_before_tax,2019-10-31,2.554600605022128
daily_NAV20_sector4_FULL_before_tax,2019-11-30,6.460721601785124
daily_NAV20_sector4_FULL_before_tax,2019-12-31,8.128588576183148
daily_NAV20_sector4_FULL_before_tax,2020-01-31,11.110277203240159
daily_NAV20_sector4_FULL_before_tax,2020-02-29,10.996966074485082
daily_NAV20_sector4_FULL_before_tax,2020-03-31,-11.694053660430603
daily_NAV20_sector4_FULL_before_tax,2020-04-30,-1.5671916286495002
daily_NAV20_sector4_FULL_before_tax,2020-05-31,-4.006983587638691
daily_NAV20_sector4_FULL_before_tax,2020-06-30,5.834261429169207
daily_NAV20_sector4_FULL_before_tax,2020-07-31,11.566960234954227
daily_NAV20_sector4_FULL_before_tax,2020-08-31,17.889049872375097
daily_NAV20_sector4_FULL_before_tax,2020-09-30,32.37700153004066
daily_NAV20_sector4_FULL_before_tax,2020-10-31,34.30960211951086
daily_NAV20_sector4_FULL_before_tax,2020-11-30,50.3279932725271
daily_NAV20_sector4_FULL_before_tax,2020-12-31,49.33311697093807
daily_NAV20_sector4_FULL_before_tax,2021-01-31,43.291326723114935
daily_NAV20_sector4_FULL_before_tax,2021-02-28,69.92278261094779
daily_NAV20_sector4_FULL_before_tax,2021-03-31,119.10588928369651
daily_NAV20_sector4_FULL_before_tax,2021-04-30,113.60990969656841
daily_NAV20_sector4_FULL_before_tax,2021-05-31,150.30206199103685
daily_NAV20_sector4_FULL_before_tax,2021-06-30,127.53589177596463
daily_NAV20_sector4_FULL_before_tax,2021-07-31,125.26666383607702
daily_NAV20_sector4_FULL_before_tax,2021-08-31,136.925138473207
daily_NAV20_sector4_FULL_before_tax,2021-09-30,113.44944039411797
daily_NAV20_sector4_FULL_before_tax,2021-10-31,102.32515379986089
daily_NAV20_sector4_FULL_before_tax,2021-11-30,89.41777239234352
daily_NAV20_sector4_FULL_before_tax,2021-12-31,112.11141471300601
daily_NAV20_sector4_FULL_before_tax,2022-01-31,113.51916498231405
daily_NAV20_sector4_FULL_before_tax,2022-02-28,70.21590854420015
daily_NAV20_sector4_FULL_before_tax,2022-03-31,80.17172157866696
daily_NAV20_sector4_FULL_before_tax,2022-04-30,64.85966512605337
daily_NAV20_sector4_FULL_before_tax,2022-05-31,28.047708391335146
daily_NAV20_sector4_FULL_before_tax,2022-06-30,21.128637531849126
daily_NAV20_sector4_FULL_before_tax,2022-07-31,32.899725270345236
daily_NAV20_sector4_FULL_before_tax,2022-08-31,29.498588594082122
daily_NAV20_sector4_FULL_before_tax,2022-09-30,21.665896576251665
daily_NAV20_sector4_FULL_before_tax,2022-10-31,26.117563169169532
daily_NAV20_sector4_FULL_before_tax,2022-11-30,22.892329815316725
daily_NAV20_sector4_FULL_before_tax,2022-12-31,5.441109346184003
daily_NAV20_sector4_FULL_before_tax,2023-01-31,-2.400694488412136
daily_NAV20_sector4_FULL_before_tax,2023-02-28,-0.9628382937426516
daily_NAV20_sector4_FULL_before_tax,2023-03-31,-12.000551514645629
daily_NAV20_sector4_FULL_before_tax,2023-04-30,0.1893361552825379
daily_NAV20_sector4_FULL_before_tax,2023-05-31,11.943608591783317
daily_NAV20_sector4_FULL_before_tax,2023-06-30,27.64198943204694
daily_NAV20_sector4_FULL_before_tax,2023-07-31,21.50020283899852
daily_NAV20_sector4_FULL_before_tax,2023-08-31,18.64260746422708
daily_NAV20_sector4_FULL_before_tax,2023-09-30,28.139856860466317
daily_NAV20_sector4_FULL_before_tax,2023-10-31,25.86771130349932
daily_NAV20_sector4_FULL_before_tax,2023-11-30,33.063572974457614
daily_NAV20_sector4_FULL_before_tax,2023-12-31,43.23311517653008
daily_NAV20_sector4_FULL_before_tax,2024-01-31,74.68269514827585
daily_NAV20_sector4_FULL_before_tax,2024-02-29,78.64500487759196
daily_NAV20_sector4_FULL_before_tax,2024-03-31,73.7687008283525
daily_NAV20_sector4_FULL_before_tax,2024-04-30,65.31210841963293
daily_NAV20_sector4_FULL_before_tax,2024-05-31,64.35139454817931
daily_NAV20_sector4_FULL_before_tax,2024-06-30,55.26955927476125
daily_NAV20_sector4_FULL_before_tax,2024-07-31,55.99135604484928
daily_NAV20_sector4_FULL_before_tax,2024-08-31,47.64123749645244
daily_NAV20_sector4_FULL_before_tax,2024-09-30,37.80611711741453
daily_NAV20_sector4_FULL_before_tax,2024-10-31,34.1713605861444
daily_NAV20_sector4_FULL_before_tax,2024-11-30,19.049217066302315
daily_NAV20_sector4_FULL_before_tax,2024-12-31,17.8328988741425
daily_NAV20_sector4_FULL_before_tax,2025-01-31,-8.69194202153124
daily_NAV20_sector4_FULL_before_tax,2025-02-28,-12.742496950850201
daily_NAV20_sector4_FULL_before_tax,2025-03-31,-4.130816491350975
daily_NAV20_sector4_FULL_before_tax,2025-04-30,-11.955054105601858
daily_NAV20_sector4_FULL_before_tax,2025-05-31,-7.343379925174132
daily_NAV20_sector4_FULL_before_tax,2025-06-30,-7.633664178319277
daily_NAV20_sector4_FULL_before_tax,2025-07-31,-12.0509090566152
daily_NAV20_sector4_FULL_before_tax,2025-08-31,-12.146496458250455
daily_NAV20_sector4_FULL_before_tax,2025-09-30,-13.253383169702849
daily_NAV20_sector4_FULL_before_tax,2025-10-31,-10.548808942426668
daily_NAV20_sector4_FULL_before_tax,2025-11-30,-14.103865993922959
daily_NAV20_sector4_FULL_before_tax,2025-12-31,-15.255223648062655
daily_NAV20_sector4_FULL_before_tax,2026-01-31,-5.642398087825285
daily_NAV20_sector4_FULL_before_tax,2026-02-28,4.390493139345231
daily_NAV20_sector4_FULL_before_tax,2026-03-31,-10.083168716295432
daily_NAV20_sector4_FULL_before_tax,2026-04-30,3.0827385534401675
daily_NAV20_sector4_FULL_before_tax,2026-05-31,7.682416727035779
daily_NAV20_sector4_FULL_before_tax,2026-06-30,13.410949892748514
daily_NAV20_sector4_FULL_before_tax,2026-07-31,12.602081260804177
daily_NAV20_sector4_FULL_before_tax,2026-08-31,30.660294609146945
daily_NAV20_sector4_FULL_modeled_tax,2013-12-31,11.57123359319716
daily_NAV20_sector4_FULL_modeled_tax,2014-01-31,10.98710170292254
daily_NAV20_sector4_FULL_modeled_tax,2014-02-28,15.336914051449678
daily_NAV20_sector4_FULL_modeled_tax,2014-03-31,14.752420692261925
daily_NAV20_sector4_FULL_modeled_tax,2014-04-30,16.28069677231514
daily_NAV20_sector4_FULL_modeled_tax,2014-05-31,22.35306578880989
daily_NAV20_sector4_FULL_modeled_tax,2014-06-30,30.622345287467944
daily_NAV20_sector4_FULL_modeled_tax,2014-07-31,24.31115162162807
daily_NAV20_sector4_FULL_modeled_tax,2014-08-31,27.74165803795341
daily_NAV20_sector4_FULL_modeled_tax,2014-09-30,26.81958403043101
daily_NAV20_sector4_FULL_modeled_tax,2014-10-31,24.817260848861487
daily_NAV20_sector4_FULL_modeled_tax,2014-11-30,30.8187437993817
daily_NAV20_sector4_FULL_modeled_tax,2014-12-31,28.0780004757754
daily_NAV20_sector4_FULL_modeled_tax,2015-01-31,36.402161806783376
daily_NAV20_sector4_FULL_modeled_tax,2015-02-28,30.583011492256773
daily_NAV20_sector4_FULL_modeled_tax,2015-03-31,36.3318786974788
daily_NAV20_sector4_FULL_modeled_tax,2015-04-30,24.050163703719775
daily_NAV20_sector4_FULL_modeled_tax,2015-05-31,25.99275255752498
daily_NAV20_sector4_FULL_modeled_tax,2015-06-30,18.65465349839617
daily_NAV20_sector4_FULL_modeled_tax,2015-07-31,26.37352899241594
daily_NAV20_sector4_FULL_modeled_tax,2015-08-31,22.43892364869593
daily_NAV20_sector4_FULL_modeled_tax,2015-09-30,17.5868606922837
daily_NAV20_sector4_FULL_modeled_tax,2015-10-31,13.962394390871658
daily_NAV20_sector4_FULL_modeled_tax,2015-11-30,6.5892004252167125
daily_NAV20_sector4_FULL_modeled_tax,2015-12-31,3.978586119971017
daily_NAV20_sector4_FULL_modeled_tax,2016-01-31,-5.155524354519169
daily_NAV20_sector4_FULL_modeled_tax,2016-02-29,-9.138263542791892
daily_NAV20_sector4_FULL_modeled_tax,2016-03-31,-5.534575385961649
daily_NAV20_sector4_FULL_modeled_tax,2016-04-30,-0.7324031045355062
daily_NAV20_sector4_FULL_modeled_tax,2016-05-31,-6.064627007230805
daily_NAV20_sector4_FULL_modeled_tax,2016-06-30,-5.308639191616882
daily_NAV20_sector4_FULL_modeled_tax,2016-07-31,-4.5618197477234945
daily_NAV20_sector4_FULL_modeled_tax,2016-08-31,1.1437692737814587
daily_NAV20_sector4_FULL_modeled_tax,2016-09-30,0.05342363009921414
daily_NAV20_sector4_FULL_modeled_tax,2016-10-31,1.0055028157875512
daily_NAV20_sector4_FULL_modeled_tax,2016-11-30,2.959853512467836
daily_NAV20_sector4_FULL_modeled_tax,2016-12-31,-0.5081728126313134
daily_NAV20_sector4_FULL_modeled_tax,2017-01-31,11.499244335528003
daily_NAV20_sector4_FULL_modeled_tax,2017-02-28,20.352970049490928
daily_NAV20_sector4_FULL_modeled_tax,2017-03-31,14.920534624380256
daily_NAV20_sector4_FULL_modeled_tax,2017-04-30,17.568210420720256
daily_NAV20_sector4_FULL_modeled_tax,2017-05-31,13.054971599085796
daily_NAV20_sector4_FULL_modeled_tax,2017-06-30,11.739272234039454
daily_NAV20_sector4_FULL_modeled_tax,2017-07-31,9.404108875873929
daily_NAV20_sector4_FULL_modeled_tax,2017-08-31,6.490577488733584
daily_NAV20_sector4_FULL_modeled_tax,2017-09-30,11.338270548677487
daily_NAV20_sector4_FULL_modeled_tax,2017-10-31,20.53491483929879
daily_NAV20_sector4_FULL_modeled_tax,2017-11-30,19.76398580530998
daily_NAV20_sector4_FULL_modeled_tax,2017-12-31,31.578769095514403
daily_NAV20_sector4_FULL_modeled_tax,2018-01-31,19.40154424476126
daily_NAV20_sector4_FULL_modeled_tax,2018-02-28,11.553177383188862
daily_NAV20_sector4_FULL_modeled_tax,2018-03-31,5.339046831370764
daily_NAV20_sector4_FULL_modeled_tax,2018-04-30,8.693759926125356
daily_NAV20_sector4_FULL_modeled_tax,2018-05-31,10.784188302600128
daily_NAV20_sector4_FULL_modeled_tax,2018-06-30,7.120930919920898
daily_NAV20_sector4_FULL_modeled_tax,2018-07-31,9.355463504091377
daily_NAV20_sector4_FULL_modeled_tax,2018-08-31,10.981700111766068
daily_NAV20_sector4_FULL_modeled_tax,2018-09-30,-1.3697485296412903
daily_NAV20_sector4_FULL_modeled_tax,2018-10-31,-13.038490573689565
daily_NAV20_sector4_FULL_modeled_tax,2018-11-30,-12.107358479371443
daily_NAV20_sector4_FULL_modeled_tax,2018-12-31,-16.266679461896207
daily_NAV20_sector4_FULL_modeled_tax,2019-01-31,-14.377418848525746
daily_NAV20_sector4_FULL_modeled_tax,2019-02-28,-12.676751593878087
daily_NAV20_sector4_FULL_modeled_tax,2019-03-31,-4.911240059574984
daily_NAV20_sector4_FULL_modeled_tax,2019-04-30,-10.711164409988106
daily_NAV20_sector4_FULL_modeled_tax,2019-05-31,-7.846889874281371
daily_NAV20_sector4_FULL_modeled_tax,2019-06-30,-4.752833124036238
daily_NAV20_sector4_FULL_modeled_tax,2019-07-31,-13.114292134108684
daily_NAV20_sector4_FULL_modeled_tax,2019-08-31,-16.24174713093617
daily_NAV20_sector4_FULL_modeled_tax,2019-09-30,-4.504134617133615
daily_NAV20_sector4_FULL_modeled_tax,2019-10-31,2.331194572923456
daily_NAV20_sector4_FULL_modeled_tax,2019-11-30,6.44461062808297
daily_NAV20_sector4_FULL_modeled_tax,2019-12-31,8.154526120856275
daily_NAV20_sector4_FULL_modeled_tax,2020-01-31,11.060244241953775
daily_NAV20_sector4_FULL_modeled_tax,2020-02-29,10.964849685896795
daily_NAV20_sector4_FULL_modeled_tax,2020-03-31,-11.856014341234966
daily_NAV20_sector4_FULL_modeled_tax,2020-04-30,-1.6960591069095865
daily_NAV20_sector4_FULL_modeled_tax,2020-05-31,-4.136998951840464
daily_NAV20_sector4_FULL_modeled_tax,2020-06-30,5.709155864710813
daily_NAV20_sector4_FULL_modeled_tax,2020-07-31,11.480893254998414
daily_NAV20_sector4_FULL_modeled_tax,2020-08-31,17.803602192490374
daily_NAV20_sector4_FULL_modeled_tax,2020-09-30,32.27810241504645
daily_NAV20_sector4_FULL_modeled_tax,2020-10-31,34.329352464398944
daily_NAV20_sector4_FULL_modeled_tax,2020-11-30,50.36883346924306
daily_NAV20_sector4_FULL_modeled_tax,2020-12-31,49.423658287460846
daily_NAV20_sector4_FULL_modeled_tax,2021-01-31,43.394265636233676
daily_NAV20_sector4_FULL_modeled_tax,2021-02-28,70.12520014659552
daily_NAV20_sector4_FULL_modeled_tax,2021-03-31,119.54820124913735
daily_NAV20_sector4_FULL_modeled_tax,2021-04-30,114.02441675987478
daily_NAV20_sector4_FULL_modeled_tax,2021-05-31,150.85267973997327
daily_NAV20_sector4_FULL_modeled_tax,2021-06-30,128.04026926902824
daily_NAV20_sector4_FULL_modeled_tax,2021-07-31,125.66088806895097
daily_NAV20_sector4_FULL_modeled_tax,2021-08-31,137.34211165066776
daily_NAV20_sector4_FULL_modeled_tax,2021-09-30,113.84062511043638
daily_NAV20_sector4_FULL_modeled_tax,2021-10-31,103.50842387808869
daily_NAV20_sector4_FULL_modeled_tax,2021-11-30,90.98135738087774
daily_NAV20_sector4_FULL_modeled_tax,2021-12-31,114.16394284022391
daily_NAV20_sector4_FULL_modeled_tax,2022-01-31,115.4360453754324
daily_NAV20_sector4_FULL_modeled_tax,2022-02-28,71.61596687427843
daily_NAV20_sector4_FULL_modeled_tax,2022-03-31,75.39461443525784
daily_NAV20_sector4_FULL_modeled_tax,2022-04-30,60.49686236096221
daily_NAV20_sector4_FULL_modeled_tax,2022-05-31,24.367417692203965
daily_NAV20_sector4_FULL_modeled_tax,2022-06-30,17.51627782079872
daily_NAV20_sector4_FULL_modeled_tax,2022-07-31,28.63834845642248
daily_NAV20_sector4_FULL_modeled_tax,2022-08-31,25.19648768067824
daily_NAV20_sector4_FULL_modeled_tax,2022-09-30,17.491944693410822
daily_NAV20_sector4_FULL_modeled_tax,2022-10-31,21.669389329267652
daily_NAV20_sector4_FULL_modeled_tax,2022-11-30,18.277357002791007
daily_NAV20_sector4_FULL_modeled_tax,2022-12-31,1.2855433636698832
daily_NAV20_sector4_FULL_modeled_tax,2023-01-31,-6.19170667020299
daily_NAV20_sector4_FULL_modeled_tax,2023-02-28,-4.774726056241818
daily_NAV20_sector4_FULL_modeled_tax,2023-03-31,-14.078782092602516
daily_NAV20_sector4_FULL_modeled_tax,2023-04-30,-2.0313142152784236
daily_NAV20_sector4_FULL_modeled_tax,2023-05-31,9.737420087831872
daily_NAV20_sector4_FULL_modeled_tax,2023-06-30,25.30302296038618
daily_NAV20_sector4_FULL_modeled_tax,2023-07-31,19.56050827571094
daily_NAV20_sector4_FULL_modeled_tax,2023-08-31,16.839180579147616
daily_NAV20_sector4_FULL_modeled_tax,2023-09-30,26.393868154441424
daily_NAV20_sector4_FULL_modeled_tax,2023-10-31,23.793220433827432
daily_NAV20_sector4_FULL_modeled_tax,2023-11-30,30.762650368152467
daily_NAV20_sector4_FULL_modeled_tax,2023-12-31,40.837902475076234
daily_NAV20_sector4_FULL_modeled_tax,2024-01-31,71.74868409748925
daily_NAV20_sector4_FULL_modeled_tax,2024-02-29,75.65410716442645
daily_NAV20_sector4_FULL_modeled_tax,2024-03-31,64.87918137245589
daily_NAV20_sector4_FULL_modeled_tax,2024-04-30,57.08730946113094
daily_NAV20_sector4_FULL_modeled_tax,2024-05-31,56.09682247428714
daily_NAV20_sector4_FULL_modeled_tax,2024-06-30,47.49454715061252
daily_NAV20_sector4_FULL_modeled_tax,2024-07-31,48.24224961280941
daily_NAV20_sector4_FULL_modeled_tax,2024-08-31,40.50303289532637
daily_NAV20_sector4_FULL_modeled_tax,2024-09-30,31.12169702937011
daily_NAV20_sector4_FULL_modeled_tax,2024-10-31,27.59558489153704
daily_NAV20_sector4_FULL_modeled_tax,2024-11-30,13.297317502419602
daily_NAV20_sector4_FULL_modeled_tax,2024-12-31,11.965926687000273
daily_NAV20_sector4_FULL_modeled_tax,2025-01-31,-13.338362793724068
daily_NAV20_sector4_FULL_modeled_tax,2025-02-28,-17.255274238556908
daily_NAV20_sector4_FULL_modeled_tax,2025-03-31,-5.548286826535587
daily_NAV20_sector4_FULL_modeled_tax,2025-04-30,-13.571995487972298
daily_NAV20_sector4_FULL_modeled_tax,2025-05-31,-8.971460544571864
daily_NAV20_sector4_FULL_modeled_tax,2025-06-30,-9.381707058674394
daily_NAV20_sector4_FULL_modeled_tax,2025-07-31,-13.726898044140878
daily_NAV20_sector4_FULL_modeled_tax,2025-08-31,-13.930120805939804
daily_NAV20_sector4_FULL_modeled_tax,2025-09-30,-15.060066849013365
daily_NAV20_sector4_FULL_modeled_tax,2025-10-31,-12.393927574975915
daily_NAV20_sector4_FULL_modeled_tax,2025-11-30,-15.97008185694101
daily_NAV20_sector4_FULL_modeled_tax,2025-12-31,-17.02915491462783
daily_NAV20_sector4_FULL_modeled_tax,2026-01-31,-7.4778092370292875
daily_NAV20_sector4_FULL_modeled_tax,2026-02-28,2.377380643813942
daily_NAV20_sector4_FULL_modeled_tax,2026-03-31,-10.19667238145978
daily_NAV20_sector4_FULL_modeled_tax,2026-04-30,2.9526550723663725
daily_NAV20_sector4_FULL_modeled_tax,2026-05-31,7.507432593910446
daily_NAV20_sector4_FULL_modeled_tax,2026-06-30,13.360604174427614
daily_NAV20_sector4_FULL_modeled_tax,2026-07-31,12.484102358934269
daily_NAV20_sector4_FULL_modeled_tax,2026-08-31,30.58143443483239
daily_NAV20_sector4_2013_2019_before_tax,2013-12-31,11.57123359319716
daily_NAV20_sector4_2013_2019_before_tax,2014-01-31,10.98710170292254
daily_NAV20_sector4_2013_2019_before_tax,2014-02-28,15.336914051449678
daily_NAV20_sector4_2013_2019_before_tax,2014-03-31,14.752420692261925
daily_NAV20_sector4_2013_2019_before_tax,2014-04-30,16.28069677231514
daily_NAV20_sector4_2013_2019_before_tax,2014-05-31,22.35306578880989
daily_NAV20_sector4_2013_2019_before_tax,2014-06-30,30.622345287467944
daily_NAV20_sector4_2013_2019_before_tax,2014-07-31,24.31115162162807
daily_NAV20_sector4_2013_2019_before_tax,2014-08-31,27.74165803795341
daily_NAV20_sector4_2013_2019_before_tax,2014-09-30,26.81958403043101
daily_NAV20_sector4_2013_2019_before_tax,2014-10-31,24.817260848861487
daily_NAV20_sector4_2013_2019_before_tax,2014-11-30,30.8187437993817
daily_NAV20_sector4_2013_2019_before_tax,2014-12-31,28.0780004757754
daily_NAV20_sector4_2013_2019_before_tax,2015-01-31,36.402161806783376
daily_NAV20_sector4_2013_2019_before_tax,2015-02-28,30.583011492256773
daily_NAV20_sector4_2013_2019_before_tax,2015-03-31,37.53188240795189
daily_NAV20_sector4_2013_2019_before_tax,2015-04-30,25.201604500955852
daily_NAV20_sector4_2013_2019_before_tax,2015-05-31,27.09164990367374
daily_NAV20_sector4_2013_2019_before_tax,2015-06-30,19.72586602838056
daily_NAV20_sector4_2013_2019_before_tax,2015-07-31,27.4921712596218
daily_NAV20_sector4_2013_2019_before_tax,2015-08-31,23.566981275630795
daily_NAV20_sector4_2013_2019_before_tax,2015-09-30,18.660403408300287
daily_NAV20_sector4_2013_2019_before_tax,2015-10-31,14.979925104631953
daily_NAV20_sector4_2013_2019_before_tax,2015-11-30,7.519445752868781
daily_NAV20_sector4_2013_2019_before_tax,2015-12-31,4.933975156068349
daily_NAV20_sector4_2013_2019_before_tax,2016-01-31,-4.31924851795914
daily_NAV20_sector4_2013_2019_before_tax,2016-02-29,-8.355797251678155
daily_NAV20_sector4_2013_2019_before_tax,2016-03-31,-5.574944195569021
daily_NAV20_sector4_2013_2019_before_tax,2016-04-30,-0.825871471885653
daily_NAV20_sector4_2013_2019_before_tax,2016-05-31,-6.113769528347812
daily_NAV20_sector4_2013_2019_before_tax,2016-06-30,-5.388656156573745
daily_NAV20_sector4_2013_2019_before_tax,2016-07-31,-4.632795539286083
daily_NAV20_sector4_2013_2019_before_tax,2016-08-31,1.0340567988067706
daily_NAV20_sector4_2013_2019_before_tax,2016-09-30,-0.05472899632641415
daily_NAV20_sector4_2013_2019_before_tax,2016-10-31,0.9207058324377293
daily_NAV20_sector4_2013_2019_before_tax,2016-11-30,2.9045564703914284
daily_NAV20_sector4_2013_2019_before_tax,2016-12-31,-0.6106385340474918
daily_NAV20_sector4_2013_2019_before_tax,2017-01-31,11.468436055300057
daily_NAV20_sector4_2013_2019_before_tax,2017-02-28,20.352879714279304
daily_NAV20_sector4_2013_2019_before_tax,2017-03-31,14.941241601982846
daily_NAV20_sector4_2013_2019_before_tax,2017-04-30,17.582900803051892
daily_NAV20_sector4_2013_2019_before_tax,2017-05-31,13.080992474205711
daily_NAV20_sector4_2013_2019_before_tax,2017-06-30,11.75261805882608
daily_NAV20_sector4_2013_2019_before_tax,2017-07-31,9.415418832315847
daily_NAV20_sector4_2013_2019_before_tax,2017-08-31,6.487874154688544
daily_NAV20_sector4_2013_2019_before_tax,2017-09-30,11.304877503187761
daily_NAV20_sector4_2013_2019_before_tax,2017-10-31,20.469302133769474
daily_NAV20_sector4_2013_2019_before_tax,2017-11-30,19.69243133404952
daily_NAV20_sector4_2013_2019_before_tax,2017-12-31,31.4770491563775
daily_NAV20_sector4_2013_2019_before_tax,2018-01-31,19.276777206376593
daily_NAV20_sector4_2013_2019_before_tax,2018-02-28,11.409454965513754
daily_NAV20_sector4_2013_2019_before_tax,2018-03-31,6.926967280670127
daily_NAV20_sector4_2013_2019_before_tax,2018-04-30,10.226461694134613
daily_NAV20_sector4_2013_2019_before_tax,2018-05-31,12.405493012624746
daily_NAV20_sector4_2013_2019_before_tax,2018-06-30,8.729283897253225
daily_NAV20_sector4_2013_2019_before_tax,2018-07-31,11.044486384393103
daily_NAV20_sector4_2013_2019_before_tax,2018-08-31,12.698629310658172
daily_NAV20_sector4_2013_2019_before_tax,2018-09-30,0.13874787683403333
daily_NAV20_sector4_2013_2019_before_tax,2018-10-31,-11.617972160380663
daily_NAV20_sector4_2013_2019_before_tax,2018-11-30,-10.545230098281378
daily_NAV20_sector4_2013_2019_before_tax,2018-12-31,-14.722266871697931
daily_NAV20_sector4_2013_2019_before_tax,2019-01-31,-12.872017615997855
daily_NAV20_sector4_2013_2019_before_tax,2019-02-28,-11.108919101980486
daily_NAV20_sector4_2013_2019_before_tax,2019-03-31,-4.800513262353756
daily_NAV20_sector4_2013_2019_before_tax,2019-04-30,-10.50969584232433
daily_NAV20_sector4_2013_2019_before_tax,2019-05-31,-7.671759261120059
daily_NAV20_sector4_2013_2019_before_tax,2019-06-30,-4.5719363333691865
daily_NAV20_sector4_2013_2019_before_tax,2019-07-31,-12.978918637358127
daily_NAV20_sector4_2013_2019_before_tax,2019-08-31,-16.097697910910767
daily_NAV20_sector4_2013_2019_before_tax,2019-09-30,-4.291453967510817
daily_NAV20_sector4_2013_2019_before_tax,2019-10-31,2.554600605022128
daily_NAV20_sector4_2013_2019_before_tax,2019-11-30,6.460721601785124
daily_NAV20_sector4_2013_2019_before_tax,2019-12-31,7.962053348063081
daily_NAV20_sector4_2013_2019_modeled_tax,2013-12-31,11.57123359319716
daily_NAV20_sector4_2013_2019_modeled_tax,2014-01-31,10.98710170292254
daily_NAV20_sector4_2013_2019_modeled_tax,2014-02-28,15.336914051449678
daily_NAV20_sector4_2013_2019_modeled_tax,2014-03-31,14.752420692261925
daily_NAV20_sector4_2013_2019_modeled_tax,2014-04-30,16.28069677231514
daily_NAV20_sector4_2013_2019_modeled_tax,2014-05-31,22.35306578880989
daily_NAV20_sector4_2013_2019_modeled_tax,2014-06-30,30.622345287467944
daily_NAV20_sector4_2013_2019_modeled_tax,2014-07-31,24.31115162162807
daily_NAV20_sector4_2013_2019_modeled_tax,2014-08-31,27.74165803795341
daily_NAV20_sector4_2013_2019_modeled_tax,2014-09-30,26.81958403043101
daily_NAV20_sector4_2013_2019_modeled_tax,2014-10-31,24.817260848861487
daily_NAV20_sector4_2013_2019_modeled_tax,2014-11-30,30.8187437993817
daily_NAV20_sector4_2013_2019_modeled_tax,2014-12-31,28.0780004757754
daily_NAV20_sector4_2013_2019_modeled_tax,2015-01-31,36.402161806783376
daily_NAV20_sector4_2013_2019_modeled_tax,2015-02-28,30.583011492256773
daily_NAV20_sector4_2013_2019_modeled_tax,2015-03-31,36.3318786974788
daily_NAV20_sector4_2013_2019_modeled_tax,2015-04-30,24.050163703719775
daily_NAV20_sector4_2013_2019_modeled_tax,2015-05-31,25.99275255752498
daily_NAV20_sector4_2013_2019_modeled_tax,2015-06-30,18.65465349839617
daily_NAV20_sector4_2013_2019_modeled_tax,2015-07-31,26.37352899241594
daily_NAV20_sector4_2013_2019_modeled_tax,2015-08-31,22.43892364869593
daily_NAV20_sector4_2013_2019_modeled_tax,2015-09-30,17.5868606922837
daily_NAV20_sector4_2013_2019_modeled_tax,2015-10-31,13.962394390871658
daily_NAV20_sector4_2013_2019_modeled_tax,2015-11-30,6.5892004252167125
daily_NAV20_sector4_2013_2019_modeled_tax,2015-12-31,3.978586119971017
daily_NAV20_sector4_2013_2019_modeled_tax,2016-01-31,-5.155524354519169
daily_NAV20_sector4_2013_2019_modeled_tax,2016-02-29,-9.138263542791892
daily_NAV20_sector4_2013_2019_modeled_tax,2016-03-31,-5.534575385961649
daily_NAV20_sector4_2013_2019_modeled_tax,2016-04-30,-0.7324031045355062
daily_NAV20_sector4_2013_2019_modeled_tax,2016-05-31,-6.064627007230805
daily_NAV20_sector4_2013_2019_modeled_tax,2016-06-30,-5.308639191616882
daily_NAV20_sector4_2013_2019_modeled_tax,2016-07-31,-4.5618197477234945
daily_NAV20_sector4_2013_2019_modeled_tax,2016-08-31,1.1437692737814587
daily_NAV20_sector4_2013_2019_modeled_tax,2016-09-30,0.05342363009921414
daily_NAV20_sector4_2013_2019_modeled_tax,2016-10-31,1.0055028157875512
daily_NAV20_sector4_2013_2019_modeled_tax,2016-11-30,2.959853512467836
daily_NAV20_sector4_2013_2019_modeled_tax,2016-12-31,-0.5081728126313134
daily_NAV20_sector4_2013_2019_modeled_tax,2017-01-31,11.499244335528003
daily_NAV20_sector4_2013_2019_modeled_tax,2017-02-28,20.352970049490928
daily_NAV20_sector4_2013_2019_modeled_tax,2017-03-31,14.920534624380256
daily_NAV20_sector4_2013_2019_modeled_tax,2017-04-30,17.568210420720256
daily_NAV20_sector4_2013_2019_modeled_tax,2017-05-31,13.054971599085796
daily_NAV20_sector4_2013_2019_modeled_tax,2017-06-30,11.739272234039454
daily_NAV20_sector4_2013_2019_modeled_tax,2017-07-31,9.404108875873929
daily_NAV20_sector4_2013_2019_modeled_tax,2017-08-31,6.490577488733584
daily_NAV20_sector4_2013_2019_modeled_tax,2017-09-30,11.338270548677487
daily_NAV20_sector4_2013_2019_modeled_tax,2017-10-31,20.53491483929879
daily_NAV20_sector4_2013_2019_modeled_tax,2017-11-30,19.76398580530998
daily_NAV20_sector4_2013_2019_modeled_tax,2017-12-31,31.578769095514403
daily_NAV20_sector4_2013_2019_modeled_tax,2018-01-31,19.40154424476126
daily_NAV20_sector4_2013_2019_modeled_tax,2018-02-28,11.553177383188862
daily_NAV20_sector4_2013_2019_modeled_tax,2018-03-31,5.339046831370764
daily_NAV20_sector4_2013_2019_modeled_tax,2018-04-30,8.693759926125356
daily_NAV20_sector4_2013_2019_modeled_tax,2018-05-31,10.784188302600128
daily_NAV20_sector4_2013_2019_modeled_tax,2018-06-30,7.120930919920898
daily_NAV20_sector4_2013_2019_modeled_tax,2018-07-31,9.355463504091377
daily_NAV20_sector4_2013_2019_modeled_tax,2018-08-31,10.981700111766068
daily_NAV20_sector4_2013_2019_modeled_tax,2018-09-30,-1.3697485296412903
daily_NAV20_sector4_2013_2019_modeled_tax,2018-10-31,-13.038490573689565
daily_NAV20_sector4_2013_2019_modeled_tax,2018-11-30,-12.107358479371443
daily_NAV20_sector4_2013_2019_modeled_tax,2018-12-31,-16.266679461896207
daily_NAV20_sector4_2013_2019_modeled_tax,2019-01-31,-14.377418848525746
daily_NAV20_sector4_2013_2019_modeled_tax,2019-02-28,-12.676751593878087
daily_NAV20_sector4_2013_2019_modeled_tax,2019-03-31,-4.911240059574984
daily_NAV20_sector4_2013_2019_modeled_tax,2019-04-30,-10.711164409988106
daily_NAV20_sector4_2013_2019_modeled_tax,2019-05-31,-7.846889874281371
daily_NAV20_sector4_2013_2019_modeled_tax,2019-06-30,-4.752833124036238
daily_NAV20_sector4_2013_2019_modeled_tax,2019-07-31,-13.114292134108684
daily_NAV20_sector4_2013_2019_modeled_tax,2019-08-31,-16.24174713093617
daily_NAV20_sector4_2013_2019_modeled_tax,2019-09-30,-4.504134617133615
daily_NAV20_sector4_2013_2019_modeled_tax,2019-10-31,2.331194572923456
daily_NAV20_sector4_2013_2019_modeled_tax,2019-11-30,6.44461062808297
daily_NAV20_sector4_2013_2019_modeled_tax,2019-12-31,5.75856233663532
daily_NAV20_sector4_2020_2026_before_tax,2020-12-31,32.29592588266728
daily_NAV20_sector4_2020_2026_before_tax,2021-01-31,29.797016241191955
daily_NAV20_sector4_2020_2026_before_tax,2021-02-28,51.199859913534105
daily_NAV20_sector4_2020_2026_before_tax,2021-03-31,87.09225394326374
daily_NAV20_sector4_2020_2026_before_tax,2021-04-30,88.70731495961462
daily_NAV20_sector4_2020_2026_before_tax,2021-05-31,116.72537936361964
daily_NAV20_sector4_2020_2026_before_tax,2021-06-30,104.02959242139369
daily_NAV20_sector4_2020_2026_before_tax,2021-07-31,100.40747849614226
daily_NAV20_sector4_2020_2026_before_tax,2021-08-31,116.55549576802846
daily_NAV20_sector4_2020_2026_before_tax,2021-09-30,103.32853900138241
daily_NAV20_sector4_2020_2026_before_tax,2021-10-31,96.23193895060457
daily_NAV20_sector4_2020_2026_before_tax,2021-11-30,90.60599901543434
daily_NAV20_sector4_2020_2026_before_tax,2021-12-31,110.8500803256804
daily_NAV20_sector4_2020_2026_before_tax,2022-01-31,110.99681244237934
daily_NAV20_sector4_2020_2026_before_tax,2022-02-28,70.58611694804564
daily_NAV20_sector4_2020_2026_before_tax,2022-03-31,79.7764161148911
daily_NAV20_sector4_2020_2026_before_tax,2022-04-30,62.966227452857915
daily_NAV20_sector4_2020_2026_before_tax,2022-05-31,29.28833121944585
daily_NAV20_sector4_2020_2026_before_tax,2022-06-30,21.174138815288536
daily_NAV20_sector4_2020_2026_before_tax,2022-07-31,32.153352010910716
daily_NAV20_sector4_2020_2026_before_tax,2022-08-31,29.019607444085604
daily_NAV20_sector4_2020_2026_before_tax,2022-09-30,21.374429862067966
daily_NAV20_sector4_2020_2026_before_tax,2022-10-31,25.862720854572885
daily_NAV20_sector4_2020_2026_before_tax,2022-11-30,22.509564266096184
daily_NAV20_sector4_2020_2026_before_tax,2022-12-31,5.148712241902453
daily_NAV20_sector4_2020_2026_before_tax,2023-01-31,-2.4220366892108713
daily_NAV20_sector4_2020_2026_before_tax,2023-02-28,-0.9089660690306922
daily_NAV20_sector4_2020_2026_before_tax,2023-03-31,-11.987725934103288
daily_NAV20_sector4_2020_2026_before_tax,2023-04-30,0.2503023215691291
daily_NAV20_sector4_2020_2026_before_tax,2023-05-31,11.757537425358588
daily_NAV20_sector4_2020_2026_before_tax,2023-06-30,27.23725384659541
daily_NAV20_sector4_2020_2026_before_tax,2023-07-31,21.242154693572623
daily_NAV20_sector4_2020_2026_before_tax,2023-08-31,18.285695497622044
daily_NAV20_sector4_2020_2026_before_tax,2023-09-30,27.679123565337903
daily_NAV20_sector4_2020_2026_before_tax,2023-10-31,25.48744468969051
daily_NAV20_sector4_2020_2026_before_tax,2023-11-30,32.75168409274705
daily_NAV20_sector4_2020_2026_before_tax,2023-12-31,42.899514982734054
daily_NAV20_sector4_2020_2026_before_tax,2024-01-31,73.87611089495437
daily_NAV20_sector4_2020_2026_before_tax,2024-02-29,77.81904391254784
daily_NAV20_sector4_2020_2026_before_tax,2024-03-31,72.87195631027848
daily_NAV20_sector4_2020_2026_before_tax,2024-04-30,64.59025267333087
daily_NAV20_sector4_2020_2026_before_tax,2024-05-31,63.65463456528917
daily_NAV20_sector4_2020_2026_before_tax,2024-06-30,54.755492219727955
daily_NAV20_sector4_2020_2026_before_tax,2024-07-31,55.56938642421076
daily_NAV20_sector4_2020_2026_before_tax,2024-08-31,47.512061075994524
daily_NAV20_sector4_2020_2026_before_tax,2024-09-30,37.73637498102613
daily_NAV20_sector4_2020_2026_before_tax,2024-10-31,34.09713969871044
daily_NAV20_sector4_2020_2026_before_tax,2024-11-30,19.297921105615302
daily_NAV20_sector4_2020_2026_before_tax,2024-12-31,18.1898844980398
daily_NAV20_sector4_2020_2026_before_tax,2025-01-31,-8.449138560861801
daily_NAV20_sector4_2020_2026_before_tax,2025-02-28,-12.347379577082663
daily_NAV20_sector4_2020_2026_before_tax,2025-03-31,-3.7595798235056654
daily_NAV20_sector4_2020_2026_before_tax,2025-04-30,-11.63295340152638
daily_NAV20_sector4_2020_2026_before_tax,2025-05-31,-7.0317595113686515
daily_NAV20_sector4_2020_2026_before_tax,2025-06-30,-7.3216594739092695
daily_NAV20_sector4_2020_2026_before_tax,2025-07-31,-11.566664093802215
daily_NAV20_sector4_2020_2026_before_tax,2025-08-31,-11.651711885522154
daily_NAV20_sector4_2020_2026_before_tax,2025-09-30,-12.75492806124543
daily_NAV20_sector4_2020_2026_before_tax,2025-10-31,-10.07115111569441
daily_NAV20_sector4_2020_2026_before_tax,2025-11-30,-13.847756710494718
daily_NAV20_sector4_2020_2026_before_tax,2025-12-31,-15.075318917856084
daily_NAV20_sector4_2020_2026_before_tax,2026-01-31,-5.324617261716025
daily_NAV20_sector4_2020_2026_before_tax,2026-02-28,4.5652882225478475
daily_NAV20_sector4_2020_2026_before_tax,2026-03-31,-9.83249576891806
daily_NAV20_sector4_2020_2026_before_tax,2026-04-30,3.3809561812701006
daily_NAV20_sector4_2020_2026_before_tax,2026-05-31,7.972125443779565
daily_NAV20_sector4_2020_2026_before_tax,2026-06-30,13.722484864680862
daily_NAV20_sector4_2020_2026_before_tax,2026-07-31,12.619411389670532
daily_NAV20_sector4_2020_2026_before_tax,2026-08-31,30.578630361015446
daily_NAV20_sector4_2020_2026_modeled_tax,2020-12-31,32.29592588266728
daily_NAV20_sector4_2020_2026_modeled_tax,2021-01-31,29.797016241191955
daily_NAV20_sector4_2020_2026_modeled_tax,2021-02-28,51.199859913534105
daily_NAV20_sector4_2020_2026_modeled_tax,2021-03-31,87.09225394326374
daily_NAV20_sector4_2020_2026_modeled_tax,2021-04-30,88.70731495961462
daily_NAV20_sector4_2020_2026_modeled_tax,2021-05-31,116.72537936361964
daily_NAV20_sector4_2020_2026_modeled_tax,2021-06-30,104.02959242139369
daily_NAV20_sector4_2020_2026_modeled_tax,2021-07-31,100.40747849614226
daily_NAV20_sector4_2020_2026_modeled_tax,2021-08-31,116.55549576802846
daily_NAV20_sector4_2020_2026_modeled_tax,2021-09-30,103.32853900138241
daily_NAV20_sector4_2020_2026_modeled_tax,2021-10-31,96.40081637812392
daily_NAV20_sector4_2020_2026_modeled_tax,2021-11-30,91.12546592692365
daily_NAV20_sector4_2020_2026_modeled_tax,2021-12-31,111.86814551989906
daily_NAV20_sector4_2020_2026_modeled_tax,2022-01-31,111.784097799227
daily_NAV20_sector4_2020_2026_modeled_tax,2022-02-28,71.07754288114462
daily_NAV20_sector4_2020_2026_modeled_tax,2022-03-31,78.68969702592685
daily_NAV20_sector4_2020_2026_modeled_tax,2022-04-30,61.89101849065424
daily_NAV20_sector4_2020_2026_modeled_tax,2022-05-31,28.28559984689718
daily_NAV20_sector4_2020_2026_modeled_tax,2022-06-30,20.171663212038027
daily_NAV20_sector4_2020_2026_modeled_tax,2022-07-31,31.16036858265212
daily_NAV20_sector4_2020_2026_modeled_tax,2022-08-31,28.038030785567102
daily_NAV20_sector4_2020_2026_modeled_tax,2022-09-30,20.47280751637386
daily_NAV20_sector4_2020_2026_modeled_tax,2022-10-31,24.83328419681168
daily_NAV20_sector4_2020_2026_modeled_tax,2022-11-30,21.275298692656985
daily_NAV20_sector4_2020_2026_modeled_tax,2022-12-31,3.871686023654375
daily_NAV20_sector4_2020_2026_modeled_tax,2023-01-31,-3.542125954553388
daily_NAV20_sector4_2020_2026_modeled_tax,2023-02-28,-1.9802230386791853
daily_NAV20_sector4_2020_2026_modeled_tax,2023-03-31,-12.40661077376397
daily_NAV20_sector4_2020_2026_modeled_tax,2023-04-30,-0.11040254321883491
daily_NAV20_sector4_2020_2026_modeled_tax,2023-05-31,11.485540084325185
daily_NAV20_sector4_2020_2026_modeled_tax,2023-06-30,27.042058455136452
daily_NAV20_sector4_2020_2026_modeled_tax,2023-07-31,20.96796137956116
daily_NAV20_sector4_2020_2026_modeled_tax,2023-08-31,18.02717696502121
daily_NAV20_sector4_2020_2026_modeled_tax,2023-09-30,27.43328609588127
daily_NAV20_sector4_2020_2026_modeled_tax,2023-10-31,25.242519947494092
daily_NAV20_sector4_2020_2026_modeled_tax,2023-11-30,32.477050103125094
daily_NAV20_sector4_2020_2026_modeled_tax,2023-12-31,42.628322842385955
daily_NAV20_sector4_2020_2026_modeled_tax,2024-01-31,73.60482133068808
daily_NAV20_sector4_2020_2026_modeled_tax,2024-02-29,77.57408041083096
daily_NAV20_sector4_2020_2026_modeled_tax,2024-03-31,63.937557599749795
daily_NAV20_sector4_2020_2026_modeled_tax,2024-04-30,56.520397786154696
daily_NAV20_sector4_2020_2026_modeled_tax,2024-05-31,55.60244150838996
daily_NAV20_sector4_2020_2026_modeled_tax,2024-06-30,47.15472354262473
daily_NAV20_sector4_2020_2026_modeled_tax,2024-07-31,47.886776223249306
daily_NAV20_sector4_2020_2026_modeled_tax,2024-08-31,40.35464522871332
daily_NAV20_sector4_2020_2026_modeled_tax,2024-09-30,31.035155547972092
daily_NAV20_sector4_2020_2026_modeled_tax,2024-10-31,27.50337881833986
daily_NAV20_sector4_2020_2026_modeled_tax,2024-11-30,13.165572177096795
daily_NAV20_sector4_2020_2026_modeled_tax,2024-12-31,11.870002492341026
daily_NAV20_sector4_2020_2026_modeled_tax,2025-01-31,-13.182835605001287
daily_NAV20_sector4_2020_2026_modeled_tax,2025-02-28,-16.87662636507694
daily_NAV20_sector4_2020_2026_modeled_tax,2025-03-31,-5.291135089856159
daily_NAV20_sector4_2020_2026_modeled_tax,2025-04-30,-13.3581750100079
daily_NAV20_sector4_2020_2026_modeled_tax,2025-05-31,-8.769368341940375
daily_NAV20_sector4_2020_2026_modeled_tax,2025-06-30,-9.252916436803282
daily_NAV20_sector4_2020_2026_modeled_tax,2025-07-31,-13.67250762934239
daily_NAV20_sector4_2020_2026_modeled_tax,2025-08-31,-14.043133321120315
daily_NAV20_sector4_2020_2026_modeled_tax,2025-09-30,-15.012752035374655
daily_NAV20_sector4_2020_2026_modeled_tax,2025-10-31,-12.317435993155923
daily_NAV20_sector4_2020_2026_modeled_tax,2025-11-30,-15.806221216480942
daily_NAV20_sector4_2020_2026_modeled_tax,2025-12-31,-17.072446713683696
daily_NAV20_sector4_2020_2026_modeled_tax,2026-01-31,-7.645952758959695
daily_NAV20_sector4_2020_2026_modeled_tax,2026-02-28,1.5142110765956174
daily_NAV20_sector4_2020_2026_modeled_tax,2026-03-31,-10.490575203259123
daily_NAV20_sector4_2020_2026_modeled_tax,2026-04-30,2.531403812963151
daily_NAV20_sector4_2020_2026_modeled_tax,2026-05-31,7.134198133914604
daily_NAV20_sector4_2020_2026_modeled_tax,2026-06-30,13.065190926244409
daily_NAV20_sector4_2020_2026_modeled_tax,2026-07-31,12.295509786898684
daily_NAV20_sector4_2020_2026_modeled_tax,2026-08-31,30.570891190238548
daily_fixed20_sector4_FULL_before_tax,2013-12-31,11.449912669275818
daily_fixed20_sector4_FULL_before_tax,2014-01-31,10.892761676789675
daily_fixed20_sector4_FULL_before_tax,2014-02-28,15.127193726768141
daily_fixed20_sector4_FULL_before_tax,2014-03-31,14.465183676722205
daily_fixed20_sector4_FULL_before_tax,2014-04-30,15.601909060471764
daily_fixed20_sector4_FULL_before_tax,2014-05-31,20.98212793481242
daily_fixed20_sector4_FULL_before_tax,2014-06-30,28.60852271869789
daily_fixed20_sector4_FULL_before_tax,2014-07-31,22.825452425129434
daily_fixed20_sector4_FULL_before_tax,2014-08-31,26.15266226577311
daily_fixed20_sector4_FULL_before_tax,2014-09-30,25.007959879756747
daily_fixed20_sector4_FULL_before_tax,2014-10-31,22.501581754092868
daily_fixed20_sector4_FULL_before_tax,2014-11-30,27.847107223527658
daily_fixed20_sector4_FULL_before_tax,2014-12-31,24.57906171148796
daily_fixed20_sector4_FULL_before_tax,2015-01-31,31.496651706545364
daily_fixed20_sector4_FULL_before_tax,2015-02-28,26.121275697105517
daily_fixed20_sector4_FULL_before_tax,2015-03-31,31.374051861733832
daily_fixed20_sector4_FULL_before_tax,2015-04-30,21.671078897969885
daily_fixed20_sector4_FULL_before_tax,2015-05-31,21.164405304163104
daily_fixed20_sector4_FULL_before_tax,2015-06-30,14.653809525261252
daily_fixed20_sector4_FULL_before_tax,2015-07-31,21.22395767820646
daily_fixed20_sector4_FULL_before_tax,2015-08-31,18.073191579088665
daily_fixed20_sector4_FULL_before_tax,2015-09-30,14.244340762821839
daily_fixed20_sector4_FULL_before_tax,2015-10-31,11.277604928386875
daily_fixed20_sector4_FULL_before_tax,2015-11-30,5.671916062834925
daily_fixed20_sector4_FULL_before_tax,2015-12-31,3.8773557701697436
daily_fixed20_sector4_FULL_before_tax,2016-01-31,-3.3794303199746967
daily_fixed20_sector4_FULL_before_tax,2016-02-29,-5.972643900368113
daily_fixed20_sector4_FULL_before_tax,2016-03-31,-3.2821297406305794
daily_fixed20_sector4_FULL_before_tax,2016-04-30,0.19577566161881332
daily_fixed20_sector4_FULL_before_tax,2016-05-31,-3.00407553008184
daily_fixed20_sector4_FULL_before_tax,2016-06-30,-2.604937327970114
daily_fixed20_sector4_FULL_before_tax,2016-07-31,-2.6193320230958217
daily_fixed20_sector4_FULL_before_tax,2016-08-31,1.519869723466094
daily_fixed20_sector4_FULL_before_tax,2016-09-30,0.419237700405084
daily_fixed20_sector4_FULL_before_tax,2016-10-31,1.2337897130303643
daily_fixed20_sector4_FULL_before_tax,2016-11-30,2.4592625608500507
daily_fixed20_sector4_FULL_before_tax,2016-12-31,0.1980887553001187
daily_fixed20_sector4_FULL_before_tax,2017-01-31,8.415708637707798
daily_fixed20_sector4_FULL_before_tax,2017-02-28,14.221033546709405
daily_fixed20_sector4_FULL_before_tax,2017-03-31,10.190963543096188
daily_fixed20_sector4_FULL_before_tax,2017-04-30,11.921771309978269
daily_fixed20_sector4_FULL_before_tax,2017-05-31,8.846749110863739
daily_fixed20_sector4_FULL_before_tax,2017-06-30,8.035173597504874
daily_fixed20_sector4_FULL_before_tax,2017-07-31,6.256129980775427
daily_fixed20_sector4_FULL_before_tax,2017-08-31,4.051242137926003
daily_fixed20_sector4_FULL_before_tax,2017-09-30,7.152758696461947
daily_fixed20_sector4_FULL_before_tax,2017-10-31,12.733714287455179
daily_fixed20_sector4_FULL_before_tax,2017-11-30,12.293289762471794
daily_fixed20_sector4_FULL_before_tax,2017-12-31,19.343100389133983
daily_fixed20_sector4_FULL_before_tax,2018-01-31,11.75118113358291
daily_fixed20_sector4_FULL_before_tax,2018-02-28,6.9894246108547
daily_fixed20_sector4_FULL_before_tax,2018-03-31,4.226543933405846
daily_fixed20_sector4_FULL_before_tax,2018-04-30,5.90666385116736
daily_fixed20_sector4_FULL_before_tax,2018-05-31,7.488749550222185
daily_fixed20_sector4_FULL_before_tax,2018-06-30,5.44427997736554
daily_fixed20_sector4_FULL_before_tax,2018-07-31,6.652708053591194
daily_fixed20_sector4_FULL_before_tax,2018-08-31,7.620260019204528
daily_fixed20_sector4_FULL_before_tax,2018-09-30,0.306151826469625
daily_fixed20_sector4_FULL_before_tax,2018-10-31,-7.140041968412114
daily_fixed20_sector4_FULL_before_tax,2018-11-30,-6.113054597064716
daily_fixed20_sector4_FULL_before_tax,2018-12-31,-8.950267696067726
daily_fixed20_sector4_FULL_before_tax,2019-01-31,-7.871859899512279
daily_fixed20_sector4_FULL_before_tax,2019-02-28,-6.807131910320196
daily_fixed20_sector4_FULL_before_tax,2019-03-31,-2.682763971490376
daily_fixed20_sector4_FULL_before_tax,2019-04-30,-6.1905171569559325
daily_fixed20_sector4_FULL_before_tax,2019-05-31,-4.286786461610282
daily_fixed20_sector4_FULL_before_tax,2019-06-30,-2.3956550489816264
daily_fixed20_sector4_FULL_before_tax,2019-07-31,-7.7197772653625485
daily_fixed20_sector4_FULL_before_tax,2019-08-31,-9.848444353155571
daily_fixed20_sector4_FULL_before_tax,2019-09-30,-2.3553360093771403
daily_fixed20_sector4_FULL_before_tax,2019-10-31,1.8279927828425802
daily_fixed20_sector4_FULL_before_tax,2019-11-30,4.1086559988450455
daily_fixed20_sector4_FULL_before_tax,2019-12-31,5.30860393953918
daily_fixed20_sector4_FULL_before_tax,2020-01-31,7.177847984197783
daily_fixed20_sector4_FULL_before_tax,2020-02-29,7.637532090977306
daily_fixed20_sector4_FULL_before_tax,2020-03-31,-5.999742954428722
daily_fixed20_sector4_FULL_before_tax,2020-04-30,0.5285883618648679
daily_fixed20_sector4_FULL_before_tax,2020-05-31,-1.0054657420246027
daily_fixed20_sector4_FULL_before_tax,2020-06-30,4.820986892877799
daily_fixed20_sector4_FULL_before_tax,2020-07-31,8.521416997935095
daily_fixed20_sector4_FULL_before_tax,2020-08-31,12.611407072454096
daily_fixed20_sector4_FULL_before_tax,2020-09-30,21.353634504163075
daily_fixed20_sector4_FULL_before_tax,2020-10-31,22.925963190904987
daily_fixed20_sector4_FULL_before_tax,2020-11-30,32.50321278819936
daily_fixed20_sector4_FULL_before_tax,2020-12-31,31.241244713152195
daily_fixed20_sector4_FULL_before_tax,2021-01-31,27.64341176710394
daily_fixed20_sector4_FULL_before_tax,2021-02-28,41.315161092485475
daily_fixed20_sector4_FULL_before_tax,2021-03-31,62.727775838933496
daily_fixed20_sector4_FULL_before_tax,2021-04-30,58.68647320477627
daily_fixed20_sector4_FULL_before_tax,2021-05-31,76.17849889835237
daily_fixed20_sector4_FULL_before_tax,2021-06-30,68.28472515371627
daily_fixed20_sector4_FULL_before_tax,2021-07-31,66.72230034629433
daily_fixed20_sector4_FULL_before_tax,2021-08-31,71.03466764085876
daily_fixed20_sector4_FULL_before_tax,2021-09-30,57.688550789742955
daily_fixed20_sector4_FULL_before_tax,2021-10-31,52.38785096510834
daily_fixed20_sector4_FULL_before_tax,2021-11-30,44.48384935010119
daily_fixed20_sector4_FULL_before_tax,2021-12-31,53.52317297389426
daily_fixed20_sector4_FULL_before_tax,2022-01-31,54.58879573844009
daily_fixed20_sector4_FULL_before_tax,2022-02-28,36.493866385438544
daily_fixed20_sector4_FULL_before_tax,2022-03-31,40.57417175127493
daily_fixed20_sector4_FULL_before_tax,2022-04-30,34.33334271562201
daily_fixed20_sector4_FULL_before_tax,2022-05-31,16.9699145830692
daily_fixed20_sector4_FULL_before_tax,2022-06-30,13.92001793744313
daily_fixed20_sector4_FULL_before_tax,2022-07-31,17.975065052180362
daily_fixed20_sector4_FULL_before_tax,2022-08-31,13.856830818127698
daily_fixed20_sector4_FULL_before_tax,2022-09-30,11.347597854856307
daily_fixed20_sector4_FULL_before_tax,2022-10-31,12.786484532516095
daily_fixed20_sector4_FULL_before_tax,2022-11-30,10.134963680963116
daily_fixed20_sector4_FULL_before_tax,2022-12-31,2.4255457497800004
daily_fixed20_sector4_FULL_before_tax,2023-01-31,0.2221068340483967
daily_fixed20_sector4_FULL_before_tax,2023-02-28,1.8599261566992986
daily_fixed20_sector4_FULL_before_tax,2023-03-31,-3.9388883911245176
daily_fixed20_sector4_FULL_before_tax,2023-04-30,0.1943846743228228
daily_fixed20_sector4_FULL_before_tax,2023-05-31,4.348156508914625
daily_fixed20_sector4_FULL_before_tax,2023-06-30,8.49797861718451
daily_fixed20_sector4_FULL_before_tax,2023-07-31,6.7006897594189985
daily_fixed20_sector4_FULL_before_tax,2023-08-31,5.889984050204555
daily_fixed20_sector4_FULL_before_tax,2023-09-30,8.397794413732518
daily_fixed20_sector4_FULL_before_tax,2023-10-31,7.546386162087093
daily_fixed20_sector4_FULL_before_tax,2023-11-30,9.176685761709669
daily_fixed20_sector4_FULL_before_tax,2023-12-31,11.95368979945497
daily_fixed20_sector4_FULL_before_tax,2024-01-31,19.182018798495726
daily_fixed20_sector4_FULL_before_tax,2024-02-29,19.519041788448565
daily_fixed20_sector4_FULL_before_tax,2024-03-31,18.54283923019826
daily_fixed20_sector4_FULL_before_tax,2024-04-30,16.98641009549211
daily_fixed20_sector4_FULL_before_tax,2024-05-31,16.756803569903123
daily_fixed20_sector4_FULL_before_tax,2024-06-30,14.503397247785909
daily_fixed20_sector4_FULL_before_tax,2024-07-31,14.38347156954556
daily_fixed20_sector4_FULL_before_tax,2024-08-31,12.399047420503306
daily_fixed20_sector4_FULL_before_tax,2024-09-30,9.925008894816445
daily_fixed20_sector4_FULL_before_tax,2024-10-31,9.174288424424603
daily_fixed20_sector4_FULL_before_tax,2024-11-30,5.406500245065082
daily_fixed20_sector4_FULL_before_tax,2024-12-31,4.5581442680144635
daily_fixed20_sector4_FULL_before_tax,2025-01-31,-2.4446060090123956
daily_fixed20_sector4_FULL_before_tax,2025-02-28,-2.6932997548210103
daily_fixed20_sector4_FULL_before_tax,2025-03-31,-0.5082686475664344
daily_fixed20_sector4_FULL_before_tax,2025-04-30,-2.8138617817422884
daily_fixed20_sector4_FULL_before_tax,2025-05-31,-1.7360532331039846
daily_fixed20_sector4_FULL_before_tax,2025-06-30,-1.8410479762957621
daily_fixed20_sector4_FULL_before_tax,2025-07-31,-3.015628710304974
daily_fixed20_sector4_FULL_before_tax,2025-08-31,-3.0825931215764157
daily_fixed20_sector4_FULL_before_tax,2025-09-30,-3.1680236928250283
daily_fixed20_sector4_FULL_before_tax,2025-10-31,-2.495726440015711
daily_fixed20_sector4_FULL_before_tax,2025-11-30,-3.559643497708065
daily_fixed20_sector4_FULL_before_tax,2025-12-31,-3.957549040198882
daily_fixed20_sector4_FULL_before_tax,2026-01-31,-1.474049717156456
daily_fixed20_sector4_FULL_before_tax,2026-02-28,0.06674616977841996
daily_fixed20_sector4_FULL_before_tax,2026-03-31,-2.8523180679061566
daily_fixed20_sector4_FULL_before_tax,2026-04-30,0.07001759387044171
daily_fixed20_sector4_FULL_before_tax,2026-05-31,1.2963047742398537
daily_fixed20_sector4_FULL_before_tax,2026-06-30,3.1266746942461676
daily_fixed20_sector4_FULL_before_tax,2026-07-31,3.004839803015935
daily_fixed20_sector4_FULL_before_tax,2026-08-31,7.6804485928208654
daily_fixed20_sector4_FULL_modeled_tax,2013-12-31,11.449912669275818
daily_fixed20_sector4_FULL_modeled_tax,2014-01-31,10.892761676789675
daily_fixed20_sector4_FULL_modeled_tax,2014-02-28,15.127193726768141
daily_fixed20_sector4_FULL_modeled_tax,2014-03-31,14.465183676722205
daily_fixed20_sector4_FULL_modeled_tax,2014-04-30,15.601909060471764
daily_fixed20_sector4_FULL_modeled_tax,2014-05-31,20.98212793481242
daily_fixed20_sector4_FULL_modeled_tax,2014-06-30,28.60852271869789
daily_fixed20_sector4_FULL_modeled_tax,2014-07-31,22.825452425129434
daily_fixed20_sector4_FULL_modeled_tax,2014-08-31,26.15266226577311
daily_fixed20_sector4_FULL_modeled_tax,2014-09-30,25.007959879756747
daily_fixed20_sector4_FULL_modeled_tax,2014-10-31,22.501581754092868
daily_fixed20_sector4_FULL_modeled_tax,2014-11-30,27.847107223527658
daily_fixed20_sector4_FULL_modeled_tax,2014-12-31,24.57906171148796
daily_fixed20_sector4_FULL_modeled_tax,2015-01-31,31.496651706545364
daily_fixed20_sector4_FULL_modeled_tax,2015-02-28,26.121275697105517
daily_fixed20_sector4_FULL_modeled_tax,2015-03-31,30.222450572855553
daily_fixed20_sector4_FULL_modeled_tax,2015-04-30,20.563706617140998
daily_fixed20_sector4_FULL_modeled_tax,2015-05-31,20.102881437651288
daily_fixed20_sector4_FULL_modeled_tax,2015-06-30,13.650443505952081
daily_fixed20_sector4_FULL_modeled_tax,2015-07-31,20.193217770751893
daily_fixed20_sector4_FULL_modeled_tax,2015-08-31,17.05817545909616
daily_fixed20_sector4_FULL_modeled_tax,2015-09-30,13.26028852814376
daily_fixed20_sector4_FULL_modeled_tax,2015-10-31,10.313187981769257
daily_fixed20_sector4_FULL_modeled_tax,2015-11-30,4.736106543962126
daily_fixed20_sector4_FULL_modeled_tax,2015-12-31,2.950538776513656
daily_fixed20_sector4_FULL_modeled_tax,2016-01-31,-4.261902214172331
daily_fixed20_sector4_FULL_modeled_tax,2016-02-29,-6.862428820457844
daily_fixed20_sector4_FULL_modeled_tax,2016-03-31,-3.3111547268979136
daily_fixed20_sector4_FULL_modeled_tax,2016-04-30,0.1975738523597892
daily_fixed20_sector4_FULL_modeled_tax,2016-05-31,-3.0306269153093535
daily_fixed20_sector4_FULL_modeled_tax,2016-06-30,-2.6279350877384533
daily_fixed20_sector4_FULL_modeled_tax,2016-07-31,-2.6417946054041463
daily_fixed20_sector4_FULL_modeled_tax,2016-08-31,1.5330485746104516
daily_fixed20_sector4_FULL_modeled_tax,2016-09-30,0.42288021095584494
daily_fixed20_sector4_FULL_modeled_tax,2016-10-31,1.2445761632234875
daily_fixed20_sector4_FULL_modeled_tax,2016-11-30,2.481235893541056
daily_fixed20_sector4_FULL_modeled_tax,2016-12-31,0.19987205849449907
daily_fixed20_sector4_FULL_modeled_tax,2017-01-31,8.493280957550065
daily_fixed20_sector4_FULL_modeled_tax,2017-02-28,14.356893447689224
daily_fixed20_sector4_FULL_modeled_tax,2017-03-31,10.284171964517608
daily_fixed20_sector4_FULL_modeled_tax,2017-04-30,12.031056330379553
daily_fixed20_sector4_FULL_modeled_tax,2017-05-31,8.927384457885346
daily_fixed20_sector4_FULL_modeled_tax,2017-06-30,8.108026882319376
daily_fixed20_sector4_FULL_modeled_tax,2017-07-31,6.311236417829269
daily_fixed20_sector4_FULL_modeled_tax,2017-08-31,4.085840215163494
daily_fixed20_sector4_FULL_modeled_tax,2017-09-30,7.2146431256136845
daily_fixed20_sector4_FULL_modeled_tax,2017-10-31,12.84367074304269
daily_fixed20_sector4_FULL_modeled_tax,2017-11-30,12.400470020241116
daily_fixed20_sector4_FULL_modeled_tax,2017-12-31,19.51689018904357
daily_fixed20_sector4_FULL_modeled_tax,2018-01-31,11.851018879186004
daily_fixed20_sector4_FULL_modeled_tax,2018-02-28,7.047814709456612
daily_fixed20_sector4_FULL_modeled_tax,2018-03-31,2.9876959388813296
daily_fixed20_sector4_FULL_modeled_tax,2018-04-30,4.698125605872261
daily_fixed20_sector4_FULL_modeled_tax,2018-05-31,6.266087017474797
daily_fixed20_sector4_FULL_modeled_tax,2018-06-30,4.201677033791995
daily_fixed20_sector4_FULL_modeled_tax,2018-07-31,5.435129032390873
daily_fixed20_sector4_FULL_modeled_tax,2018-08-31,6.422463666806988
daily_fixed20_sector4_FULL_modeled_tax,2018-09-30,-0.9309226735924825
daily_fixed20_sector4_FULL_modeled_tax,2018-10-31,-8.370109949401039
daily_fixed20_sector4_FULL_modeled_tax,2018-11-30,-7.35195297634792
daily_fixed20_sector4_FULL_modeled_tax,2018-12-31,-10.172272822441276
daily_fixed20_sector4_FULL_modeled_tax,2019-01-31,-9.098413929543348
daily_fixed20_sector4_FULL_modeled_tax,2019-02-28,-8.059004978878036
daily_fixed20_sector4_FULL_modeled_tax,2019-03-31,-2.7375517408597894
daily_fixed20_sector4_FULL_modeled_tax,2019-04-30,-6.313212823046587
daily_fixed20_sector4_FULL_modeled_tax,2019-05-31,-4.37239195047473
daily_fixed20_sector4_FULL_modeled_tax,2019-06-30,-2.4445546466827395
daily_fixed20_sector4_FULL_modeled_tax,2019-07-31,-7.873626951206125
daily_fixed20_sector4_FULL_modeled_tax,2019-08-31,-10.041004414116472
daily_fixed20_sector4_FULL_modeled_tax,2019-09-30,-2.403991095096536
daily_fixed20_sector4_FULL_modeled_tax,2019-10-31,1.8667083401050943
daily_fixed20_sector4_FULL_modeled_tax,2019-11-30,4.195893223617708
daily_fixed20_sector4_FULL_modeled_tax,2019-12-31,5.421271425707652
daily_fixed20_sector4_FULL_modeled_tax,2020-01-31,7.329957321349623
daily_fixed20_sector4_FULL_modeled_tax,2020-02-29,7.8019403399660625
daily_fixed20_sector4_FULL_modeled_tax,2020-03-31,-6.125719182498946
daily_fixed20_sector4_FULL_modeled_tax,2020-04-30,0.5397709297196407
daily_fixed20_sector4_FULL_modeled_tax,2020-05-31,-1.026462572722786
daily_fixed20_sector4_FULL_modeled_tax,2020-06-30,4.921857686329378
daily_fixed20_sector4_FULL_modeled_tax,2020-07-31,8.705757042540219
daily_fixed20_sector4_FULL_modeled_tax,2020-08-31,12.885512431001022
daily_fixed20_sector4_FULL_modeled_tax,2020-09-30,21.80561023654377
daily_fixed20_sector4_FULL_modeled_tax,2020-10-31,23.402620608710677
daily_fixed20_sector4_FULL_modeled_tax,2020-11-30,33.16554785515491
daily_fixed20_sector4_FULL_modeled_tax,2020-12-31,31.870197952809455
daily_fixed20_sector4_FULL_modeled_tax,2021-01-31,28.189210224205663
daily_fixed20_sector4_FULL_modeled_tax,2021-02-28,42.14016010464079
daily_fixed20_sector4_FULL_modeled_tax,2021-03-31,64.04289955797408
daily_fixed20_sector4_FULL_modeled_tax,2021-04-30,59.83864604491031
daily_fixed20_sector4_FULL_modeled_tax,2021-05-31,77.70287895039864
daily_fixed20_sector4_FULL_modeled_tax,2021-06-30,69.56806194903551
daily_fixed20_sector4_FULL_modeled_tax,2021-07-31,67.9718638375982
daily_fixed20_sector4_FULL_modeled_tax,2021-08-31,72.32667601855461
daily_fixed20_sector4_FULL_modeled_tax,2021-09-30,58.622707230326455
daily_fixed20_sector4_FULL_modeled_tax,2021-10-31,53.204271911741245
daily_fixed20_sector4_FULL_modeled_tax,2021-11-30,45.10441311222087
daily_fixed20_sector4_FULL_modeled_tax,2021-12-31,54.28028644551404
daily_fixed20_sector4_FULL_modeled_tax,2022-01-31,55.36905664419749
daily_fixed20_sector4_FULL_modeled_tax,2022-02-28,36.95133004888946
daily_fixed20_sector4_FULL_modeled_tax,2022-03-31,37.88802217308758
daily_fixed20_sector4_FULL_modeled_tax,2022-04-30,31.654478215710213
daily_fixed20_sector4_FULL_modeled_tax,2022-05-31,14.339524531357807
daily_fixed20_sector4_FULL_modeled_tax,2022-06-30,11.277386617334306
daily_fixed20_sector4_FULL_modeled_tax,2022-07-31,15.362823877882192
daily_fixed20_sector4_FULL_modeled_tax,2022-08-31,11.345480575873879
daily_fixed20_sector4_FULL_modeled_tax,2022-09-30,8.85665108793865
daily_fixed20_sector4_FULL_modeled_tax,2022-10-31,10.302370193091637
daily_fixed20_sector4_FULL_modeled_tax,2022-11-30,7.723763624073787
daily_fixed20_sector4_FULL_modeled_tax,2022-12-31,0.083766677029673
daily_fixed20_sector4_FULL_modeled_tax,2023-01-31,-2.1466474654372014
daily_fixed20_sector4_FULL_modeled_tax,2023-02-28,-0.5736859979067033
daily_fixed20_sector4_FULL_modeled_tax,2023-03-31,-4.122258833687253
daily_fixed20_sector4_FULL_modeled_tax,2023-04-30,0.15076221115972732
daily_fixed20_sector4_FULL_modeled_tax,2023-05-31,4.450849109376698
daily_fixed20_sector4_FULL_modeled_tax,2023-06-30,8.7529693745243
daily_fixed20_sector4_FULL_modeled_tax,2023-07-31,6.885140652619781
daily_fixed20_sector4_FULL_modeled_tax,2023-08-31,6.042299150091068
daily_fixed20_sector4_FULL_modeled_tax,2023-09-30,8.637145735938656
daily_fixed20_sector4_FULL_modeled_tax,2023-10-31,7.754387124608009
daily_fixed20_sector4_FULL_modeled_tax,2023-11-30,9.435682410795065
daily_fixed20_sector4_FULL_modeled_tax,2023-12-31,12.309469392150518
daily_fixed20_sector4_FULL_modeled_tax,2024-01-31,19.797826272792918
daily_fixed20_sector4_FULL_modeled_tax,2024-02-29,20.158099072415858
daily_fixed20_sector4_FULL_modeled_tax,2024-03-31,16.539727546744444
daily_fixed20_sector4_FULL_modeled_tax,2024-04-30,14.993158391697015
daily_fixed20_sector4_FULL_modeled_tax,2024-05-31,14.764076901492862
daily_fixed20_sector4_FULL_modeled_tax,2024-06-30,12.479315741716391
daily_fixed20_sector4_FULL_modeled_tax,2024-07-31,12.378252541042102
daily_fixed20_sector4_FULL_modeled_tax,2024-08-31,10.358808583106827
daily_fixed20_sector4_FULL_modeled_tax,2024-09-30,7.8479059494778625
daily_fixed20_sector4_FULL_modeled_tax,2024-10-31,7.075458824353964
daily_fixed20_sector4_FULL_modeled_tax,2024-11-30,3.2599748582135657
daily_fixed20_sector4_FULL_modeled_tax,2024-12-31,2.419723074705038
daily_fixed20_sector4_FULL_modeled_tax,2025-01-31,-4.704960064122766
daily_fixed20_sector4_FULL_modeled_tax,2025-02-28,-4.995735286913372
daily_fixed20_sector4_FULL_modeled_tax,2025-03-31,-1.3656018297538264
daily_fixed20_sector4_FULL_modeled_tax,2025-04-30,-3.776475171925875
daily_fixed20_sector4_FULL_modeled_tax,2025-05-31,-2.6398222922315195
daily_fixed20_sector4_FULL_modeled_tax,2025-06-30,-2.747912053302304
daily_fixed20_sector4_FULL_modeled_tax,2025-07-31,-3.973998924942823
daily_fixed20_sector4_FULL_modeled_tax,2025-08-31,-4.047213205884503
daily_fixed20_sector4_FULL_modeled_tax,2025-09-30,-4.138789272939169
daily_fixed20_sector4_FULL_modeled_tax,2025-10-31,-3.4370812900506365
daily_fixed20_sector4_FULL_modeled_tax,2025-11-30,-4.559329786630862
daily_fixed20_sector4_FULL_modeled_tax,2025-12-31,-4.970180647975275
daily_fixed20_sector4_FULL_modeled_tax,2026-01-31,-2.3857629556687465
daily_fixed20_sector4_FULL_modeled_tax,2026-02-28,-0.7772605413969291
daily_fixed20_sector4_FULL_modeled_tax,2026-03-31,-3.031641080983416
daily_fixed20_sector4_FULL_modeled_tax,2026-04-30,0.07444450900333521
daily_fixed20_sector4_FULL_modeled_tax,2026-05-31,1.3771244793495008
daily_fixed20_sector4_FULL_modeled_tax,2026-06-30,3.3213072240431574
daily_fixed20_sector4_FULL_modeled_tax,2026-07-31,3.1923041526946916
daily_fixed20_sector4_FULL_modeled_tax,2026-08-31,8.161361501724329
daily_NAV20_sell_confirm_delay1_FULL_before_tax,2013-12-31,11.57123359319716
daily_NAV20_sell_confirm_delay1_FULL_before_tax,2014-01-31,10.98710170292254
daily_NAV20_sell_confirm_delay1_FULL_before_tax,2014-02-28,15.336914051449678
daily_NAV20_sell_confirm_delay1_FULL_before_tax,2014-03-31,14.752420692261925
daily_NAV20_sell_confirm_delay1_FULL_before_tax,2014-04-30,16.28069677231514
daily_NAV20_sell_confirm_delay1_FULL_before_tax,2014-05-31,22.35306578880989
daily_NAV20_sell_confirm_delay1_FULL_before_tax,2014-06-30,30.622345287467944
daily_NAV20_sell_confirm_delay1_FULL_before_tax,2014-07-31,24.31115162162807
daily_NAV20_sell_confirm_delay1_FULL_before_tax,2014-08-31,27.74165803795341
daily_NAV20_sell_confirm_delay1_FULL_before_tax,2014-09-30,26.81958403043101
daily_NAV20_sell_confirm_delay1_FULL_before_tax,2014-10-31,24.817260848861487
daily_NAV20_sell_confirm_delay1_FULL_before_tax,2014-11-30,30.8187437993817
daily_NAV20_sell_confirm_delay1_FULL_before_tax,2014-12-31,28.0780004757754
daily_NAV20_sell_confirm_delay1_FULL_before_tax,2015-01-31,36.402161806783376
daily_NAV20_sell_confirm_delay1_FULL_before_tax,2015-02-28,30.583011492256773
daily_NAV20_sell_confirm_delay1_FULL_before_tax,2015-03-31,37.53188240795189
daily_NAV20_sell_confirm_delay1_FULL_before_tax,2015-04-30,25.201604500955852
daily_NAV20_sell_confirm_delay1_FULL_before_tax,2015-05-31,27.09164990367374
daily_NAV20_sell_confirm_delay1_FULL_before_tax,2015-06-30,19.72586602838056
daily_NAV20_sell_confirm_delay1_FULL_before_tax,2015-07-31,27.4921712596218
daily_NAV20_sell_confirm_delay1_FULL_before_tax,2015-08-31,23.566981275630795
daily_NAV20_sell_confirm_delay1_FULL_before_tax,2015-09-30,18.660403408300287
daily_NAV20_sell_confirm_delay1_FULL_before_tax,2015-10-31,14.979925104631953
daily_NAV20_sell_confirm_delay1_FULL_before_tax,2015-11-30,7.519445752868781
daily_NAV20_sell_confirm_delay1_FULL_before_tax,2015-12-31,4.933975156068349
daily_NAV20_sell_confirm_delay1_FULL_before_tax,2016-01-31,-4.31924851795914
daily_NAV20_sell_confirm_delay1_FULL_before_tax,2016-02-29,-8.355797251678155
daily_NAV20_sell_confirm_delay1_FULL_before_tax,2016-03-31,-5.574944195569021
daily_NAV20_sell_confirm_delay1_FULL_before_tax,2016-04-30,-0.825871471885653
daily_NAV20_sell_confirm_delay1_FULL_before_tax,2016-05-31,-6.113769528347812
daily_NAV20_sell_confirm_delay1_FULL_before_tax,2016-06-30,-5.388656156573745
daily_NAV20_sell_confirm_delay1_FULL_before_tax,2016-07-31,-4.632795539286083
daily_NAV20_sell_confirm_delay1_FULL_before_tax,2016-08-31,1.0340567988067706
daily_NAV20_sell_confirm_delay1_FULL_before_tax,2016-09-30,-0.05472899632641415
daily_NAV20_sell_confirm_delay1_FULL_before_tax,2016-10-31,0.9207058324377293
daily_NAV20_sell_confirm_delay1_FULL_before_tax,2016-11-30,2.9045564703914284
daily_NAV20_sell_confirm_delay1_FULL_before_tax,2016-12-31,-0.6106385340474918
daily_NAV20_sell_confirm_delay1_FULL_before_tax,2017-01-31,11.468436055300057
daily_NAV20_sell_confirm_delay1_FULL_before_tax,2017-02-28,20.352879714279304
daily_NAV20_sell_confirm_delay1_FULL_before_tax,2017-03-31,14.941241601982846
daily_NAV20_sell_confirm_delay1_FULL_before_tax,2017-04-30,17.582900803051892
daily_NAV20_sell_confirm_delay1_FULL_before_tax,2017-05-31,13.080992474205711
daily_NAV20_sell_confirm_delay1_FULL_before_tax,2017-06-30,11.75261805882608
daily_NAV20_sell_confirm_delay1_FULL_before_tax,2017-07-31,9.415418832315847
daily_NAV20_sell_confirm_delay1_FULL_before_tax,2017-08-31,6.487874154688544
daily_NAV20_sell_confirm_delay1_FULL_before_tax,2017-09-30,11.304877503187761
daily_NAV20_sell_confirm_delay1_FULL_before_tax,2017-10-31,20.469302133769474
daily_NAV20_sell_confirm_delay1_FULL_before_tax,2017-11-30,19.69243133404952
daily_NAV20_sell_confirm_delay1_FULL_before_tax,2017-12-31,31.4770491563775
daily_NAV20_sell_confirm_delay1_FULL_before_tax,2018-01-31,19.276777206376593
daily_NAV20_sell_confirm_delay1_FULL_before_tax,2018-02-28,11.409454965513754
daily_NAV20_sell_confirm_delay1_FULL_before_tax,2018-03-31,6.926967280670127
daily_NAV20_sell_confirm_delay1_FULL_before_tax,2018-04-30,10.226461694134613
daily_NAV20_sell_confirm_delay1_FULL_before_tax,2018-05-31,12.405493012624746
daily_NAV20_sell_confirm_delay1_FULL_before_tax,2018-06-30,8.729283897253225
daily_NAV20_sell_confirm_delay1_FULL_before_tax,2018-07-31,11.044486384393103
daily_NAV20_sell_confirm_delay1_FULL_before_tax,2018-08-31,12.698629310658172
daily_NAV20_sell_confirm_delay1_FULL_before_tax,2018-09-30,0.13874787683403333
daily_NAV20_sell_confirm_delay1_FULL_before_tax,2018-10-31,-11.617972160380663
daily_NAV20_sell_confirm_delay1_FULL_before_tax,2018-11-30,-10.545230098281378
daily_NAV20_sell_confirm_delay1_FULL_before_tax,2018-12-31,-14.722266871697931
daily_NAV20_sell_confirm_delay1_FULL_before_tax,2019-01-31,-12.872017615997855
daily_NAV20_sell_confirm_delay1_FULL_before_tax,2019-02-28,-11.096133991038592
daily_NAV20_sell_confirm_delay1_FULL_before_tax,2019-03-31,-4.611533006631497
daily_NAV20_sell_confirm_delay1_FULL_before_tax,2019-04-30,-10.330358373467785
daily_NAV20_sell_confirm_delay1_FULL_before_tax,2019-05-31,-7.490251389564206
daily_NAV20_sell_confirm_delay1_FULL_before_tax,2019-06-30,-4.383783930858609
daily_NAV20_sell_confirm_delay1_FULL_before_tax,2019-07-31,-12.79877423394814
daily_NAV20_sell_confirm_delay1_FULL_before_tax,2019-08-31,-15.923239970150572
daily_NAV20_sell_confirm_delay1_FULL_before_tax,2019-09-30,-4.099183308904331
daily_NAV20_sell_confirm_delay1_FULL_before_tax,2019-10-31,2.7556138592919055
daily_NAV20_sell_confirm_delay1_FULL_before_tax,2019-11-30,6.675686011752813
daily_NAV20_sell_confirm_delay1_FULL_before_tax,2019-12-31,8.351834561557126
daily_NAV20_sell_confirm_delay1_FULL_before_tax,2020-01-31,11.341116651556415
daily_NAV20_sell_confirm_delay1_FULL_before_tax,2020-02-29,11.196903083381372
daily_NAV20_sell_confirm_delay1_FULL_before_tax,2020-03-31,-11.67006279287558
daily_NAV20_sell_confirm_delay1_FULL_before_tax,2020-04-30,-1.5327318680004587
daily_NAV20_sell_confirm_delay1_FULL_before_tax,2020-05-31,-3.9579359220864196
daily_NAV20_sell_confirm_delay1_FULL_before_tax,2020-06-30,5.893911491054382
daily_NAV20_sell_confirm_delay1_FULL_before_tax,2020-07-31,11.612999923860201
daily_NAV20_sell_confirm_delay1_FULL_before_tax,2020-08-31,17.957461165493104
daily_NAV20_sell_confirm_delay1_FULL_before_tax,2020-09-30,32.49718287687542
daily_NAV20_sell_confirm_delay1_FULL_before_tax,2020-10-31,34.45690483130362
daily_NAV20_sell_confirm_delay1_FULL_before_tax,2020-11-30,50.50188328033332
daily_NAV20_sell_confirm_delay1_FULL_before_tax,2020-12-31,49.470640896938775
daily_NAV20_sell_confirm_delay1_FULL_before_tax,2021-01-31,43.412927009803546
daily_NAV20_sell_confirm_delay1_FULL_before_tax,2021-02-28,70.07279266381481
daily_NAV20_sell_confirm_delay1_FULL_before_tax,2021-03-31,119.16376162179722
daily_NAV20_sell_confirm_delay1_FULL_before_tax,2021-04-30,113.57907361900033
daily_NAV20_sell_confirm_delay1_FULL_before_tax,2021-05-31,150.23182928526455
daily_NAV20_sell_confirm_delay1_FULL_before_tax,2021-06-30,127.48928844507002
daily_NAV20_sell_confirm_delay1_FULL_before_tax,2021-07-31,125.2367532640942
daily_NAV20_sell_confirm_delay1_FULL_before_tax,2021-08-31,136.7798640684276
daily_NAV20_sell_confirm_delay1_FULL_before_tax,2021-09-30,113.26066954836223
daily_NAV20_sell_confirm_delay1_FULL_before_tax,2021-10-31,102.19561735691616
daily_NAV20_sell_confirm_delay1_FULL_before_tax,2021-11-30,89.25923601354889
daily_NAV20_sell_confirm_delay1_FULL_before_tax,2021-12-31,111.9789022821402
daily_NAV20_sell_confirm_delay1_FULL_before_tax,2022-01-31,113.3763771287454
daily_NAV20_sell_confirm_delay1_FULL_before_tax,2022-02-28,70.10219097253301
daily_NAV20_sell_confirm_delay1_FULL_before_tax,2022-03-31,80.09617286300539
daily_NAV20_sell_confirm_delay1_FULL_before_tax,2022-04-30,65.35274823737348
daily_NAV20_sell_confirm_delay1_FULL_before_tax,2022-05-31,29.507421338893792
daily_NAV20_sell_confirm_delay1_FULL_before_tax,2022-06-30,22.570531595651367
daily_NAV20_sell_confirm_delay1_FULL_before_tax,2022-07-31,34.163472331226515
daily_NAV20_sell_confirm_delay1_FULL_before_tax,2022-08-31,30.678664544042313
daily_NAV20_sell_confirm_delay1_FULL_before_tax,2022-09-30,22.667089651632
daily_NAV20_sell_confirm_delay1_FULL_before_tax,2022-10-31,27.319487038179613
daily_NAV20_sell_confirm_delay1_FULL_before_tax,2022-11-30,24.080505438505128
daily_NAV20_sell_confirm_delay1_FULL_before_tax,2022-12-31,6.474310886079104
daily_NAV20_sell_confirm_delay1_FULL_before_tax,2023-01-31,-1.4894476986173855
daily_NAV20_sell_confirm_delay1_FULL_before_tax,2023-02-28,-0.0303761957533899
daily_NAV20_sell_confirm_delay1_FULL_before_tax,2023-03-31,-11.172240305829407
daily_NAV20_sell_confirm_delay1_FULL_before_tax,2023-04-30,0.8169360825666994
daily_NAV20_sell_confirm_delay1_FULL_before_tax,2023-05-31,11.697647932774746
daily_NAV20_sell_confirm_delay1_FULL_before_tax,2023-06-30,27.26495185068829
daily_NAV20_sell_confirm_delay1_FULL_before_tax,2023-07-31,21.41478284507954
daily_NAV20_sell_confirm_delay1_FULL_before_tax,2023-08-31,18.608530565723846
daily_NAV20_sell_confirm_delay1_FULL_before_tax,2023-09-30,28.20920224757655
daily_NAV20_sell_confirm_delay1_FULL_before_tax,2023-10-31,25.7157923237489
daily_NAV20_sell_confirm_delay1_FULL_before_tax,2023-11-30,32.870427715331886
daily_NAV20_sell_confirm_delay1_FULL_before_tax,2023-12-31,43.01218231477206
daily_NAV20_sell_confirm_delay1_FULL_before_tax,2024-01-31,74.50060973949672
daily_NAV20_sell_confirm_delay1_FULL_before_tax,2024-02-29,78.5035215715756
daily_NAV20_sell_confirm_delay1_FULL_before_tax,2024-03-31,73.622431964397
daily_NAV20_sell_confirm_delay1_FULL_before_tax,2024-04-30,65.18773388069981
daily_NAV20_sell_confirm_delay1_FULL_before_tax,2024-05-31,64.25322087334604
daily_NAV20_sell_confirm_delay1_FULL_before_tax,2024-06-30,55.196271984958
daily_NAV20_sell_confirm_delay1_FULL_before_tax,2024-07-31,55.946341813581355
daily_NAV20_sell_confirm_delay1_FULL_before_tax,2024-08-31,47.69497704129031
daily_NAV20_sell_confirm_delay1_FULL_before_tax,2024-09-30,37.886691727724056
daily_NAV20_sell_confirm_delay1_FULL_before_tax,2024-10-31,34.24726668556841
daily_NAV20_sell_confirm_delay1_FULL_before_tax,2024-11-30,19.15868740565143
daily_NAV20_sell_confirm_delay1_FULL_before_tax,2024-12-31,17.925346567882183
daily_NAV20_sell_confirm_delay1_FULL_before_tax,2025-01-31,-8.620173084631244
daily_NAV20_sell_confirm_delay1_FULL_before_tax,2025-02-28,-12.687808558628422
daily_NAV20_sell_confirm_delay1_FULL_before_tax,2025-03-31,-4.041336331515466
daily_NAV20_sell_confirm_delay1_FULL_before_tax,2025-04-30,-11.897705168835271
daily_NAV20_sell_confirm_delay1_FULL_before_tax,2025-05-31,-7.27106734111822
daily_NAV20_sell_confirm_delay1_FULL_before_tax,2025-06-30,-7.581916368868347
daily_NAV20_sell_confirm_delay1_FULL_before_tax,2025-07-31,-12.011041396796095
daily_NAV20_sell_confirm_delay1_FULL_before_tax,2025-08-31,-12.148112567786162
daily_NAV20_sell_confirm_delay1_FULL_before_tax,2025-09-30,-13.26081017900329
daily_NAV20_sell_confirm_delay1_FULL_before_tax,2025-10-31,-10.571734474177298
daily_NAV20_sell_confirm_delay1_FULL_before_tax,2025-11-30,-14.171880883920995
daily_NAV20_sell_confirm_delay1_FULL_before_tax,2025-12-31,-15.318779847661268
daily_NAV20_sell_confirm_delay1_FULL_before_tax,2026-01-31,-5.72306866575788
daily_NAV20_sell_confirm_delay1_FULL_before_tax,2026-02-28,4.290169927071075
daily_NAV20_sell_confirm_delay1_FULL_before_tax,2026-03-31,-10.171755103263546
daily_NAV20_sell_confirm_delay1_FULL_before_tax,2026-04-30,3.1138024839072243
daily_NAV20_sell_confirm_delay1_FULL_before_tax,2026-05-31,7.745827626882451
daily_NAV20_sell_confirm_delay1_FULL_before_tax,2026-06-30,13.499673226547593
daily_NAV20_sell_confirm_delay1_FULL_before_tax,2026-07-31,12.592900233193527
daily_NAV20_sell_confirm_delay1_FULL_before_tax,2026-08-31,30.686478121712103
daily_NAV20_sell_confirm_delay1_FULL_modeled_tax,2013-12-31,11.57123359319716
daily_NAV20_sell_confirm_delay1_FULL_modeled_tax,2014-01-31,10.98710170292254
daily_NAV20_sell_confirm_delay1_FULL_modeled_tax,2014-02-28,15.336914051449678
daily_NAV20_sell_confirm_delay1_FULL_modeled_tax,2014-03-31,14.752420692261925
daily_NAV20_sell_confirm_delay1_FULL_modeled_tax,2014-04-30,16.28069677231514
daily_NAV20_sell_confirm_delay1_FULL_modeled_tax,2014-05-31,22.35306578880989
daily_NAV20_sell_confirm_delay1_FULL_modeled_tax,2014-06-30,30.622345287467944
daily_NAV20_sell_confirm_delay1_FULL_modeled_tax,2014-07-31,24.31115162162807
daily_NAV20_sell_confirm_delay1_FULL_modeled_tax,2014-08-31,27.74165803795341
daily_NAV20_sell_confirm_delay1_FULL_modeled_tax,2014-09-30,26.81958403043101
daily_NAV20_sell_confirm_delay1_FULL_modeled_tax,2014-10-31,24.817260848861487
daily_NAV20_sell_confirm_delay1_FULL_modeled_tax,2014-11-30,30.8187437993817
daily_NAV20_sell_confirm_delay1_FULL_modeled_tax,2014-12-31,28.0780004757754
daily_NAV20_sell_confirm_delay1_FULL_modeled_tax,2015-01-31,36.402161806783376
daily_NAV20_sell_confirm_delay1_FULL_modeled_tax,2015-02-28,30.583011492256773
daily_NAV20_sell_confirm_delay1_FULL_modeled_tax,2015-03-31,36.3318786974788
daily_NAV20_sell_confirm_delay1_FULL_modeled_tax,2015-04-30,24.050163703719775
daily_NAV20_sell_confirm_delay1_FULL_modeled_tax,2015-05-31,25.99275255752498
daily_NAV20_sell_confirm_delay1_FULL_modeled_tax,2015-06-30,18.65465349839617
daily_NAV20_sell_confirm_delay1_FULL_modeled_tax,2015-07-31,26.37352899241594
daily_NAV20_sell_confirm_delay1_FULL_modeled_tax,2015-08-31,22.43892364869593
daily_NAV20_sell_confirm_delay1_FULL_modeled_tax,2015-09-30,17.5868606922837
daily_NAV20_sell_confirm_delay1_FULL_modeled_tax,2015-10-31,13.962394390871658
daily_NAV20_sell_confirm_delay1_FULL_modeled_tax,2015-11-30,6.5892004252167125
daily_NAV20_sell_confirm_delay1_FULL_modeled_tax,2015-12-31,3.978586119971017
daily_NAV20_sell_confirm_delay1_FULL_modeled_tax,2016-01-31,-5.155524354519169
daily_NAV20_sell_confirm_delay1_FULL_modeled_tax,2016-02-29,-9.138263542791892
daily_NAV20_sell_confirm_delay1_FULL_modeled_tax,2016-03-31,-5.534575385961649
daily_NAV20_sell_confirm_delay1_FULL_modeled_tax,2016-04-30,-0.7324031045355062
daily_NAV20_sell_confirm_delay1_FULL_modeled_tax,2016-05-31,-6.064627007230805
daily_NAV20_sell_confirm_delay1_FULL_modeled_tax,2016-06-30,-5.308639191616882
daily_NAV20_sell_confirm_delay1_FULL_modeled_tax,2016-07-31,-4.5618197477234945
daily_NAV20_sell_confirm_delay1_FULL_modeled_tax,2016-08-31,1.1437692737814587
daily_NAV20_sell_confirm_delay1_FULL_modeled_tax,2016-09-30,0.05342363009921414
daily_NAV20_sell_confirm_delay1_FULL_modeled_tax,2016-10-31,1.0055028157875512
daily_NAV20_sell_confirm_delay1_FULL_modeled_tax,2016-11-30,2.959853512467836
daily_NAV20_sell_confirm_delay1_FULL_modeled_tax,2016-12-31,-0.5081728126313134
daily_NAV20_sell_confirm_delay1_FULL_modeled_tax,2017-01-31,11.499244335528003
daily_NAV20_sell_confirm_delay1_FULL_modeled_tax,2017-02-28,20.352970049490928
daily_NAV20_sell_confirm_delay1_FULL_modeled_tax,2017-03-31,14.920534624380256
daily_NAV20_sell_confirm_delay1_FULL_modeled_tax,2017-04-30,17.568210420720256
daily_NAV20_sell_confirm_delay1_FULL_modeled_tax,2017-05-31,13.054971599085796
daily_NAV20_sell_confirm_delay1_FULL_modeled_tax,2017-06-30,11.739272234039454
daily_NAV20_sell_confirm_delay1_FULL_modeled_tax,2017-07-31,9.404108875873929
daily_NAV20_sell_confirm_delay1_FULL_modeled_tax,2017-08-31,6.490577488733584
daily_NAV20_sell_confirm_delay1_FULL_modeled_tax,2017-09-30,11.338270548677487
daily_NAV20_sell_confirm_delay1_FULL_modeled_tax,2017-10-31,20.53491483929879
daily_NAV20_sell_confirm_delay1_FULL_modeled_tax,2017-11-30,19.76398580530998
daily_NAV20_sell_confirm_delay1_FULL_modeled_tax,2017-12-31,31.578769095514403
daily_NAV20_sell_confirm_delay1_FULL_modeled_tax,2018-01-31,19.40154424476126
daily_NAV20_sell_confirm_delay1_FULL_modeled_tax,2018-02-28,11.553177383188862
daily_NAV20_sell_confirm_delay1_FULL_modeled_tax,2018-03-31,5.339046831370764
daily_NAV20_sell_confirm_delay1_FULL_modeled_tax,2018-04-30,8.693759926125356
daily_NAV20_sell_confirm_delay1_FULL_modeled_tax,2018-05-31,10.784188302600128
daily_NAV20_sell_confirm_delay1_FULL_modeled_tax,2018-06-30,7.120930919920898
daily_NAV20_sell_confirm_delay1_FULL_modeled_tax,2018-07-31,9.355463504091377
daily_NAV20_sell_confirm_delay1_FULL_modeled_tax,2018-08-31,10.981700111766068
daily_NAV20_sell_confirm_delay1_FULL_modeled_tax,2018-09-30,-1.3697485296412903
daily_NAV20_sell_confirm_delay1_FULL_modeled_tax,2018-10-31,-13.038490573689565
daily_NAV20_sell_confirm_delay1_FULL_modeled_tax,2018-11-30,-12.107358479371443
daily_NAV20_sell_confirm_delay1_FULL_modeled_tax,2018-12-31,-16.266679461896207
daily_NAV20_sell_confirm_delay1_FULL_modeled_tax,2019-01-31,-14.377418848525746
daily_NAV20_sell_confirm_delay1_FULL_modeled_tax,2019-02-28,-12.66541074786125
daily_NAV20_sell_confirm_delay1_FULL_modeled_tax,2019-03-31,-4.73505465285311
daily_NAV20_sell_confirm_delay1_FULL_modeled_tax,2019-04-30,-10.548336327102115
daily_NAV20_sell_confirm_delay1_FULL_modeled_tax,2019-05-31,-7.683984351513651
daily_NAV20_sell_confirm_delay1_FULL_modeled_tax,2019-06-30,-4.589352095555677
daily_NAV20_sell_confirm_delay1_FULL_modeled_tax,2019-07-31,-12.957614867671074
daily_NAV20_sell_confirm_delay1_FULL_modeled_tax,2019-08-31,-16.089955791323963
daily_NAV20_sell_confirm_delay1_FULL_modeled_tax,2019-09-30,-4.337117414034985
daily_NAV20_sell_confirm_delay1_FULL_modeled_tax,2019-10-31,2.5058913700012786
daily_NAV20_sell_confirm_delay1_FULL_modeled_tax,2019-11-30,6.620437919367994
daily_NAV20_sell_confirm_delay1_FULL_modeled_tax,2019-12-31,8.330022300181117
daily_NAV20_sell_confirm_delay1_FULL_modeled_tax,2020-01-31,11.246474653600401
daily_NAV20_sell_confirm_delay1_FULL_modeled_tax,2020-02-29,11.133700162414462
daily_NAV20_sell_confirm_delay1_FULL_modeled_tax,2020-03-31,-11.90726159517993
daily_NAV20_sell_confirm_delay1_FULL_modeled_tax,2020-04-30,-1.7564846790692812
daily_NAV20_sell_confirm_delay1_FULL_modeled_tax,2020-05-31,-4.19537356166858
daily_NAV20_sell_confirm_delay1_FULL_modeled_tax,2020-06-30,5.662425010994587
daily_NAV20_sell_confirm_delay1_FULL_modeled_tax,2020-07-31,11.412610580666826
daily_NAV20_sell_confirm_delay1_FULL_modeled_tax,2020-08-31,17.729349221434898
daily_NAV20_sell_confirm_delay1_FULL_modeled_tax,2020-09-30,32.180629623543226
daily_NAV20_sell_confirm_delay1_FULL_modeled_tax,2020-10-31,34.23054905791989
daily_NAV20_sell_confirm_delay1_FULL_modeled_tax,2020-11-30,50.2471411595492
daily_NAV20_sell_confirm_delay1_FULL_modeled_tax,2020-12-31,49.3056431834219
daily_NAV20_sell_confirm_delay1_FULL_modeled_tax,2021-01-31,43.27442781065196
daily_NAV20_sell_confirm_delay1_FULL_modeled_tax,2021-02-28,69.97628127342097
daily_NAV20_sell_confirm_delay1_FULL_modeled_tax,2021-03-31,119.4183445390586
daily_NAV20_sell_confirm_delay1_FULL_modeled_tax,2021-04-30,113.91278784292341
daily_NAV20_sell_confirm_delay1_FULL_modeled_tax,2021-05-31,150.731073187167
daily_NAV20_sell_confirm_delay1_FULL_modeled_tax,2021-06-30,127.90033141919226
daily_NAV20_sell_confirm_delay1_FULL_modeled_tax,2021-07-31,125.56017032153312
daily_NAV20_sell_confirm_delay1_FULL_modeled_tax,2021-08-31,137.2169614151347
daily_NAV20_sell_confirm_delay1_FULL_modeled_tax,2021-09-30,113.76111747969948
daily_NAV20_sell_confirm_delay1_FULL_modeled_tax,2021-10-31,103.24560581968059
daily_NAV20_sell_confirm_delay1_FULL_modeled_tax,2021-11-30,90.44200927751935
daily_NAV20_sell_confirm_delay1_FULL_modeled_tax,2021-12-31,113.5203029669487
daily_NAV20_sell_confirm_delay1_FULL_modeled_tax,2022-01-31,114.47242612388764
daily_NAV20_sell_confirm_delay1_FULL_modeled_tax,2022-02-28,71.05996880699969
daily_NAV20_sell_confirm_delay1_FULL_modeled_tax,2022-03-31,75.11283604172858
daily_NAV20_sell_confirm_delay1_FULL_modeled_tax,2022-04-30,60.769727947079
daily_NAV20_sell_confirm_delay1_FULL_modeled_tax,2022-05-31,26.204936731385885
daily_NAV20_sell_confirm_delay1_FULL_modeled_tax,2022-06-30,19.541737336555908
daily_NAV20_sell_confirm_delay1_FULL_modeled_tax,2022-07-31,30.877437667375762
daily_NAV20_sell_confirm_delay1_FULL_modeled_tax,2022-08-31,27.40633608537617
daily_NAV20_sell_confirm_delay1_FULL_modeled_tax,2022-09-30,19.58572103934506
daily_NAV20_sell_confirm_delay1_FULL_modeled_tax,2022-10-31,23.868204749608314
daily_NAV20_sell_confirm_delay1_FULL_modeled_tax,2022-11-30,20.565624369091683
daily_NAV20_sell_confirm_delay1_FULL_modeled_tax,2022-12-31,3.302260153091363
daily_NAV20_sell_confirm_delay1_FULL_modeled_tax,2023-01-31,-4.216541032063259
daily_NAV20_sell_confirm_delay1_FULL_modeled_tax,2023-02-28,-2.883514397666187
daily_NAV20_sell_confirm_delay1_FULL_modeled_tax,2023-03-31,-12.688387479269082
daily_NAV20_sell_confirm_delay1_FULL_modeled_tax,2023-04-30,-0.7353783945763359
daily_NAV20_sell_confirm_delay1_FULL_modeled_tax,2023-05-31,9.74394142370012
daily_NAV20_sell_confirm_delay1_FULL_modeled_tax,2023-06-30,25.051458989872224
daily_NAV20_sell_confirm_delay1_FULL_modeled_tax,2023-07-31,19.311094916488702
daily_NAV20_sell_confirm_delay1_FULL_modeled_tax,2023-08-31,16.65540898422364
daily_NAV20_sell_confirm_delay1_FULL_modeled_tax,2023-09-30,26.193916947565654
daily_NAV20_sell_confirm_delay1_FULL_modeled_tax,2023-10-31,23.667509174652213
daily_NAV20_sell_confirm_delay1_FULL_modeled_tax,2023-11-30,30.688056395515417
daily_NAV20_sell_confirm_delay1_FULL_modeled_tax,2023-12-31,40.6925706078058
daily_NAV20_sell_confirm_delay1_FULL_modeled_tax,2024-01-31,71.61610008283992
daily_NAV20_sell_confirm_delay1_FULL_modeled_tax,2024-02-29,75.54596077296686
daily_NAV20_sell_confirm_delay1_FULL_modeled_tax,2024-03-31,65.06128342483726
daily_NAV20_sell_confirm_delay1_FULL_modeled_tax,2024-04-30,57.204951529488255
daily_NAV20_sell_confirm_delay1_FULL_modeled_tax,2024-05-31,56.228164137966004
daily_NAV20_sell_confirm_delay1_FULL_modeled_tax,2024-06-30,47.55499782942969
daily_NAV20_sell_confirm_delay1_FULL_modeled_tax,2024-07-31,48.249036199395334
daily_NAV20_sell_confirm_delay1_FULL_modeled_tax,2024-08-31,40.450360679764245
daily_NAV20_sell_confirm_delay1_FULL_modeled_tax,2024-09-30,31.040415380015872
daily_NAV20_sell_confirm_delay1_FULL_modeled_tax,2024-10-31,27.521240944990556
daily_NAV20_sell_confirm_delay1_FULL_modeled_tax,2024-11-30,13.029717036536525
daily_NAV20_sell_confirm_delay1_FULL_modeled_tax,2024-12-31,11.789336097286295
daily_NAV20_sell_confirm_delay1_FULL_modeled_tax,2025-01-31,-13.367250600881198
daily_NAV20_sell_confirm_delay1_FULL_modeled_tax,2025-02-28,-17.31835461561304
daily_NAV20_sell_confirm_delay1_FULL_modeled_tax,2025-03-31,-5.575021987702645
daily_NAV20_sell_confirm_delay1_FULL_modeled_tax,2025-04-30,-13.60068319724096
daily_NAV20_sell_confirm_delay1_FULL_modeled_tax,2025-05-31,-8.995584158403735
daily_NAV20_sell_confirm_delay1_FULL_modeled_tax,2025-06-30,-9.38826709386673
daily_NAV20_sell_confirm_delay1_FULL_modeled_tax,2025-07-31,-13.719110445906235
daily_NAV20_sell_confirm_delay1_FULL_modeled_tax,2025-08-31,-13.95121790992514
daily_NAV20_sell_confirm_delay1_FULL_modeled_tax,2025-09-30,-15.062560263280522
daily_NAV20_sell_confirm_delay1_FULL_modeled_tax,2025-10-31,-12.389208777886962
daily_NAV20_sell_confirm_delay1_FULL_modeled_tax,2025-11-30,-15.823284763425171
daily_NAV20_sell_confirm_delay1_FULL_modeled_tax,2025-12-31,-16.939634654915693
daily_NAV20_sell_confirm_delay1_FULL_modeled_tax,2026-01-31,-7.467998742889337
daily_NAV20_sell_confirm_delay1_FULL_modeled_tax,2026-02-28,2.386631774312842
daily_NAV20_sell_confirm_delay1_FULL_modeled_tax,2026-03-31,-10.151976118580542
daily_NAV20_sell_confirm_delay1_FULL_modeled_tax,2026-04-30,2.913443538474314
daily_NAV20_sell_confirm_delay1_FULL_modeled_tax,2026-05-31,7.380738449422153
daily_NAV20_sell_confirm_delay1_FULL_modeled_tax,2026-06-30,13.181614942546549
daily_NAV20_sell_confirm_delay1_FULL_modeled_tax,2026-07-31,12.375202701840514
daily_NAV20_sell_confirm_delay1_FULL_modeled_tax,2026-08-31,30.41154665706358
daily_NAV20_no_sector_cap_FULL_before_tax,2013-12-31,10.37899735367307
daily_NAV20_no_sector_cap_FULL_before_tax,2014-01-31,9.948698850786508
daily_NAV20_no_sector_cap_FULL_before_tax,2014-02-28,14.927995645479486
daily_NAV20_no_sector_cap_FULL_before_tax,2014-03-31,12.632751484879702
daily_NAV20_no_sector_cap_FULL_before_tax,2014-04-30,14.856946725405319
daily_NAV20_no_sector_cap_FULL_before_tax,2014-05-31,20.11040973746212
daily_NAV20_no_sector_cap_FULL_before_tax,2014-06-30,29.220908558298063
daily_NAV20_no_sector_cap_FULL_before_tax,2014-07-31,23.47665193902264
daily_NAV20_no_sector_cap_FULL_before_tax,2014-08-31,26.934871648570468
daily_NAV20_no_sector_cap_FULL_before_tax,2014-09-30,26.02099406062619
daily_NAV20_no_sector_cap_FULL_before_tax,2014-10-31,24.557069035350953
daily_NAV20_no_sector_cap_FULL_before_tax,2014-11-30,30.768969123030065
daily_NAV20_no_sector_cap_FULL_before_tax,2014-12-31,28.782540676649802
daily_NAV20_no_sector_cap_FULL_before_tax,2015-01-31,37.74910247508414
daily_NAV20_no_sector_cap_FULL_before_tax,2015-02-28,31.390546380099703
daily_NAV20_no_sector_cap_FULL_before_tax,2015-03-31,40.609149244248876
daily_NAV20_no_sector_cap_FULL_before_tax,2015-04-30,27.400125383196873
daily_NAV20_no_sector_cap_FULL_before_tax,2015-05-31,30.427417884755492
daily_NAV20_no_sector_cap_FULL_before_tax,2015-06-30,22.866526524828767
daily_NAV20_no_sector_cap_FULL_before_tax,2015-07-31,30.897680046270647
daily_NAV20_no_sector_cap_FULL_before_tax,2015-08-31,26.786504515162047
daily_NAV20_no_sector_cap_FULL_before_tax,2015-09-30,21.745702141904346
daily_NAV20_no_sector_cap_FULL_before_tax,2015-10-31,18.02624207960113
daily_NAV20_no_sector_cap_FULL_before_tax,2015-11-30,10.208060044091361
daily_NAV20_no_sector_cap_FULL_before_tax,2015-12-31,7.414189305200236
daily_NAV20_no_sector_cap_FULL_before_tax,2016-01-31,-3.338722825589402
daily_NAV20_no_sector_cap_FULL_before_tax,2016-02-29,-7.973075894497206
daily_NAV20_no_sector_cap_FULL_before_tax,2016-03-31,-5.031938210605547
daily_NAV20_no_sector_cap_FULL_before_tax,2016-04-30,-0.3791222967169272
daily_NAV20_no_sector_cap_FULL_before_tax,2016-05-31,-5.830544755370026
daily_NAV20_no_sector_cap_FULL_before_tax,2016-06-30,-5.183706897208607
daily_NAV20_no_sector_cap_FULL_before_tax,2016-07-31,-4.424312376761497
daily_NAV20_no_sector_cap_FULL_before_tax,2016-08-31,1.8092135637985063
daily_NAV20_no_sector_cap_FULL_before_tax,2016-09-30,0.4822574228473986
daily_NAV20_no_sector_cap_FULL_before_tax,2016-10-31,1.2716565759553822
daily_NAV20_no_sector_cap_FULL_before_tax,2016-11-30,2.6091686451868323
daily_NAV20_no_sector_cap_FULL_before_tax,2016-12-31,-1.4814658562228855
daily_NAV20_no_sector_cap_FULL_before_tax,2017-01-31,11.477450903720122
daily_NAV20_no_sector_cap_FULL_before_tax,2017-02-28,20.870352293816975
daily_NAV20_no_sector_cap_FULL_before_tax,2017-03-31,15.116347673612275
daily_NAV20_no_sector_cap_FULL_before_tax,2017-04-30,17.939719901790063
daily_NAV20_no_sector_cap_FULL_before_tax,2017-05-31,13.030764062715171
daily_NAV20_no_sector_cap_FULL_before_tax,2017-06-30,12.701450205183228
daily_NAV20_no_sector_cap_FULL_before_tax,2017-07-31,10.308696891266589
daily_NAV20_no_sector_cap_FULL_before_tax,2017-08-31,7.328590796398871
daily_NAV20_no_sector_cap_FULL_before_tax,2017-09-30,12.474182773217546
daily_NAV20_no_sector_cap_FULL_before_tax,2017-10-31,23.085342882195526
daily_NAV20_no_sector_cap_FULL_before_tax,2017-11-30,22.855001173993685
daily_NAV20_no_sector_cap_FULL_before_tax,2017-12-31,34.951023292293556
daily_NAV20_no_sector_cap_FULL_before_tax,2018-01-31,22.3090571548314
daily_NAV20_no_sector_cap_FULL_before_tax,2018-02-28,14.157331498997095
daily_NAV20_no_sector_cap_FULL_before_tax,2018-03-31,9.637932883244392
daily_NAV20_no_sector_cap_FULL_before_tax,2018-04-30,12.808993811305204
daily_NAV20_no_sector_cap_FULL_before_tax,2018-05-31,15.258508124392023
daily_NAV20_no_sector_cap_FULL_before_tax,2018-06-30,10.195800319959325
daily_NAV20_no_sector_cap_FULL_before_tax,2018-07-31,12.858129314198784
daily_NAV20_no_sector_cap_FULL_before_tax,2018-08-31,15.140335506480307
daily_NAV20_no_sector_cap_FULL_before_tax,2018-09-30,1.460236376166213
daily_NAV20_no_sector_cap_FULL_before_tax,2018-10-31,-13.147777500887504
daily_NAV20_no_sector_cap_FULL_before_tax,2018-11-30,-12.32070624090057
daily_NAV20_no_sector_cap_FULL_before_tax,2018-12-31,-16.554911753226143
daily_NAV20_no_sector_cap_FULL_before_tax,2019-01-31,-13.462326284173754
daily_NAV20_no_sector_cap_FULL_before_tax,2019-02-28,-11.174735627300203
daily_NAV20_no_sector_cap_FULL_before_tax,2019-03-31,-5.655423604195708
daily_NAV20_no_sector_cap_FULL_before_tax,2019-04-30,-11.280893738281561
daily_NAV20_no_sector_cap_FULL_before_tax,2019-05-31,-8.145703410611137
daily_NAV20_no_sector_cap_FULL_before_tax,2019-06-30,-5.484430627975733
daily_NAV20_no_sector_cap_FULL_before_tax,2019-07-31,-15.177116404027146
daily_NAV20_no_sector_cap_FULL_before_tax,2019-08-31,-18.647300683040193
daily_NAV20_no_sector_cap_FULL_before_tax,2019-09-30,-6.432990475966749
daily_NAV20_no_sector_cap_FULL_before_tax,2019-10-31,2.3348949135980623
daily_NAV20_no_sector_cap_FULL_before_tax,2019-11-30,5.3125203847882885
daily_NAV20_no_sector_cap_FULL_before_tax,2019-12-31,8.546448440735599
daily_NAV20_no_sector_cap_FULL_before_tax,2020-01-31,9.862962288883992
daily_NAV20_no_sector_cap_FULL_before_tax,2020-02-29,7.637498873897841
daily_NAV20_no_sector_cap_FULL_before_tax,2020-03-31,-16.258808452963216
daily_NAV20_no_sector_cap_FULL_before_tax,2020-04-30,-6.205044685463513
daily_NAV20_no_sector_cap_FULL_before_tax,2020-05-31,-8.406282678534915
daily_NAV20_no_sector_cap_FULL_before_tax,2020-06-30,1.17348231885388
daily_NAV20_no_sector_cap_FULL_before_tax,2020-07-31,9.513466439438645
daily_NAV20_no_sector_cap_FULL_before_tax,2020-08-31,16.777632336747228
daily_NAV20_no_sector_cap_FULL_before_tax,2020-09-30,33.58471549726101
daily_NAV20_no_sector_cap_FULL_before_tax,2020-10-31,34.81470679292147
daily_NAV20_no_sector_cap_FULL_before_tax,2020-11-30,53.022200119615114
daily_NAV20_no_sector_cap_FULL_before_tax,2020-12-31,50.34091018663811
daily_NAV20_no_sector_cap_FULL_before_tax,2021-01-31,44.20287399857692
daily_NAV20_no_sector_cap_FULL_before_tax,2021-02-28,73.78574474937527
daily_NAV20_no_sector_cap_FULL_before_tax,2021-03-31,131.07437880571123
daily_NAV20_no_sector_cap_FULL_before_tax,2021-04-30,124.64601393430002
daily_NAV20_no_sector_cap_FULL_before_tax,2021-05-31,162.42323136247023
daily_NAV20_no_sector_cap_FULL_before_tax,2021-06-30,140.29474599695976
daily_NAV20_no_sector_cap_FULL_before_tax,2021-07-31,134.56793916763692
daily_NAV20_no_sector_cap_FULL_before_tax,2021-08-31,143.34569319976808
daily_NAV20_no_sector_cap_FULL_before_tax,2021-09-30,115.05043813768303
daily_NAV20_no_sector_cap_FULL_before_tax,2021-10-31,104.13971843546652
daily_NAV20_no_sector_cap_FULL_before_tax,2021-11-30,90.8760313216346
daily_NAV20_no_sector_cap_FULL_before_tax,2021-12-31,113.50615573116447
daily_NAV20_no_sector_cap_FULL_before_tax,2022-01-31,115.12265229943633
daily_NAV20_no_sector_cap_FULL_before_tax,2022-02-28,70.97956337999591
daily_NAV20_no_sector_cap_FULL_before_tax,2022-03-31,81.08221294516977
daily_NAV20_no_sector_cap_FULL_before_tax,2022-04-30,64.69022481090238
daily_NAV20_no_sector_cap_FULL_before_tax,2022-05-31,28.11169154467448
daily_NAV20_no_sector_cap_FULL_before_tax,2022-06-30,20.876812261063904
daily_NAV20_no_sector_cap_FULL_before_tax,2022-07-31,32.8237343825792
daily_NAV20_no_sector_cap_FULL_before_tax,2022-08-31,29.512183982302442
daily_NAV20_no_sector_cap_FULL_before_tax,2022-09-30,21.64801619930856
daily_NAV20_no_sector_cap_FULL_before_tax,2022-10-31,25.720055944040364
daily_NAV20_no_sector_cap_FULL_before_tax,2022-11-30,22.02509318060595
daily_NAV20_no_sector_cap_FULL_before_tax,2022-12-31,5.072340231384165
daily_NAV20_no_sector_cap_FULL_before_tax,2023-01-31,-2.899308025392877
daily_NAV20_no_sector_cap_FULL_before_tax,2023-02-28,-1.586246098353461
daily_NAV20_no_sector_cap_FULL_before_tax,2023-03-31,-12.903102365381415
daily_NAV20_no_sector_cap_FULL_before_tax,2023-04-30,0.21136064010176536
daily_NAV20_no_sector_cap_FULL_before_tax,2023-05-31,11.77654694366137
daily_NAV20_no_sector_cap_FULL_before_tax,2023-06-30,28.9567968499995
daily_NAV20_no_sector_cap_FULL_before_tax,2023-07-31,26.207167272672717
daily_NAV20_no_sector_cap_FULL_before_tax,2023-08-31,23.091226255370636
daily_NAV20_no_sector_cap_FULL_before_tax,2023-09-30,33.66687417257821
daily_NAV20_no_sector_cap_FULL_before_tax,2023-10-31,31.43333863388218
daily_NAV20_no_sector_cap_FULL_before_tax,2023-11-30,41.887749525900574
daily_NAV20_no_sector_cap_FULL_before_tax,2023-12-31,53.70284518969179
daily_NAV20_no_sector_cap_FULL_before_tax,2024-01-31,87.96419485967948
daily_NAV20_no_sector_cap_FULL_before_tax,2024-02-29,90.44856330263735
daily_NAV20_no_sector_cap_FULL_before_tax,2024-03-31,80.32594611679527
daily_NAV20_no_sector_cap_FULL_before_tax,2024-04-30,72.51241582453405
daily_NAV20_no_sector_cap_FULL_before_tax,2024-05-31,76.37271516295203
daily_NAV20_no_sector_cap_FULL_before_tax,2024-06-30,69.355737327692
daily_NAV20_no_sector_cap_FULL_before_tax,2024-07-31,62.59511339178072
daily_NAV20_no_sector_cap_FULL_before_tax,2024-08-31,49.82838140376793
daily_NAV20_no_sector_cap_FULL_before_tax,2024-09-30,39.533438384744834
daily_NAV20_no_sector_cap_FULL_before_tax,2024-10-31,36.02328285582317
daily_NAV20_no_sector_cap_FULL_before_tax,2024-11-30,18.6386981504282
daily_NAV20_no_sector_cap_FULL_before_tax,2024-12-31,16.303552015521895
daily_NAV20_no_sector_cap_FULL_before_tax,2025-01-31,-10.074865471154816
daily_NAV20_no_sector_cap_FULL_before_tax,2025-02-28,-13.36598115138269
daily_NAV20_no_sector_cap_FULL_before_tax,2025-03-31,-1.8511591818089368
daily_NAV20_no_sector_cap_FULL_before_tax,2025-04-30,-10.992661654600655
daily_NAV20_no_sector_cap_FULL_before_tax,2025-05-31,-8.877938190598911
daily_NAV20_no_sector_cap_FULL_before_tax,2025-06-30,-11.578524742319118
daily_NAV20_no_sector_cap_FULL_before_tax,2025-07-31,-14.743928558263676
daily_NAV20_no_sector_cap_FULL_before_tax,2025-08-31,-11.95985105588685
daily_NAV20_no_sector_cap_FULL_before_tax,2025-09-30,-13.532150016855326
daily_NAV20_no_sector_cap_FULL_before_tax,2025-10-31,-10.799118290268739
daily_NAV20_no_sector_cap_FULL_before_tax,2025-11-30,-14.167875203811974
daily_NAV20_no_sector_cap_FULL_before_tax,2025-12-31,-15.290581518029022
daily_NAV20_no_sector_cap_FULL_before_tax,2026-01-31,-5.951697162333424
daily_NAV20_no_sector_cap_FULL_before_tax,2026-02-28,4.160876777365252
daily_NAV20_no_sector_cap_FULL_before_tax,2026-03-31,-11.02647024160034
daily_NAV20_no_sector_cap_FULL_before_tax,2026-04-30,2.3509290809552885
daily_NAV20_no_sector_cap_FULL_before_tax,2026-05-31,7.432723693049126
daily_NAV20_no_sector_cap_FULL_before_tax,2026-06-30,12.54865785706276
daily_NAV20_no_sector_cap_FULL_before_tax,2026-07-31,11.687859074729555
daily_NAV20_no_sector_cap_FULL_before_tax,2026-08-31,30.15221995741708
daily_NAV20_no_sector_cap_FULL_modeled_tax,2013-12-31,10.37899735367307
daily_NAV20_no_sector_cap_FULL_modeled_tax,2014-01-31,9.948698850786508
daily_NAV20_no_sector_cap_FULL_modeled_tax,2014-02-28,14.927995645479486
daily_NAV20_no_sector_cap_FULL_modeled_tax,2014-03-31,12.632751484879702
daily_NAV20_no_sector_cap_FULL_modeled_tax,2014-04-30,14.856946725405319
daily_NAV20_no_sector_cap_FULL_modeled_tax,2014-05-31,20.11040973746212
daily_NAV20_no_sector_cap_FULL_modeled_tax,2014-06-30,29.220908558298063
daily_NAV20_no_sector_cap_FULL_modeled_tax,2014-07-31,23.47665193902264
daily_NAV20_no_sector_cap_FULL_modeled_tax,2014-08-31,26.934871648570468
daily_NAV20_no_sector_cap_FULL_modeled_tax,2014-09-30,26.02099406062619
daily_NAV20_no_sector_cap_FULL_modeled_tax,2014-10-31,24.557069035350953
daily_NAV20_no_sector_cap_FULL_modeled_tax,2014-11-30,30.768969123030065
daily_NAV20_no_sector_cap_FULL_modeled_tax,2014-12-31,28.782540676649802
daily_NAV20_no_sector_cap_FULL_modeled_tax,2015-01-31,37.74910247508414
daily_NAV20_no_sector_cap_FULL_modeled_tax,2015-02-28,31.390546380099703
daily_NAV20_no_sector_cap_FULL_modeled_tax,2015-03-31,39.814482453371184
daily_NAV20_no_sector_cap_FULL_modeled_tax,2015-04-30,26.64206504110247
daily_NAV20_no_sector_cap_FULL_modeled_tax,2015-05-31,29.698574590001314
daily_NAV20_no_sector_cap_FULL_modeled_tax,2015-06-30,22.181661317549505
daily_NAV20_no_sector_cap_FULL_modeled_tax,2015-07-31,30.193475751658582
daily_NAV20_no_sector_cap_FULL_modeled_tax,2015-08-31,26.104555276526554
daily_NAV20_no_sector_cap_FULL_modeled_tax,2015-09-30,21.10919335419883
daily_NAV20_no_sector_cap_FULL_modeled_tax,2015-10-31,17.40378962415454
daily_NAV20_no_sector_cap_FULL_modeled_tax,2015-11-30,9.638318645883137
daily_NAV20_no_sector_cap_FULL_modeled_tax,2015-12-31,6.838627907751449
daily_NAV20_no_sector_cap_FULL_modeled_tax,2016-01-31,-3.8394488068967614
daily_NAV20_no_sector_cap_FULL_modeled_tax,2016-02-29,-8.4090348268116
daily_NAV20_no_sector_cap_FULL_modeled_tax,2016-03-31,-4.929893788860817
daily_NAV20_no_sector_cap_FULL_modeled_tax,2016-04-30,-0.24274889425878188
daily_NAV20_no_sector_cap_FULL_modeled_tax,2016-05-31,-5.727066961743288
daily_NAV20_no_sector_cap_FULL_modeled_tax,2016-06-30,-5.0809457599998
daily_NAV20_no_sector_cap_FULL_modeled_tax,2016-07-31,-4.3274138811431495
daily_NAV20_no_sector_cap_FULL_modeled_tax,2016-08-31,1.9172776465729013
daily_NAV20_no_sector_cap_FULL_modeled_tax,2016-09-30,0.5669634098039333
daily_NAV20_no_sector_cap_FULL_modeled_tax,2016-10-31,1.3589533428250755
daily_NAV20_no_sector_cap_FULL_modeled_tax,2016-11-30,2.697507678547195
daily_NAV20_no_sector_cap_FULL_modeled_tax,2016-12-31,-1.3885359799383545
daily_NAV20_no_sector_cap_FULL_modeled_tax,2017-01-31,11.584291586217809
daily_NAV20_no_sector_cap_FULL_modeled_tax,2017-02-28,20.930931125385577
daily_NAV20_no_sector_cap_FULL_modeled_tax,2017-03-31,15.160813435884268
daily_NAV20_no_sector_cap_FULL_modeled_tax,2017-04-30,17.992495944629106
daily_NAV20_no_sector_cap_FULL_modeled_tax,2017-05-31,13.076335529869088
daily_NAV20_no_sector_cap_FULL_modeled_tax,2017-06-30,12.752158586959128
daily_NAV20_no_sector_cap_FULL_modeled_tax,2017-07-31,10.34707650686455
daily_NAV20_no_sector_cap_FULL_modeled_tax,2017-08-31,7.354294628316205
daily_NAV20_no_sector_cap_FULL_modeled_tax,2017-09-30,12.511193001683928
daily_NAV20_no_sector_cap_FULL_modeled_tax,2017-10-31,23.111660535500732
daily_NAV20_no_sector_cap_FULL_modeled_tax,2017-11-30,22.881091340919202
daily_NAV20_no_sector_cap_FULL_modeled_tax,2017-12-31,35.008639873946315
daily_NAV20_no_sector_cap_FULL_modeled_tax,2018-01-31,22.339017261362603
daily_NAV20_no_sector_cap_FULL_modeled_tax,2018-02-28,14.17687617023069
daily_NAV20_no_sector_cap_FULL_modeled_tax,2018-03-31,7.31636291664568
daily_NAV20_no_sector_cap_FULL_modeled_tax,2018-04-30,10.558078235501211
daily_NAV20_no_sector_cap_FULL_modeled_tax,2018-05-31,12.766906186982263
daily_NAV20_no_sector_cap_FULL_modeled_tax,2018-06-30,7.698880504797145
daily_NAV20_no_sector_cap_FULL_modeled_tax,2018-07-31,10.234909426289086
daily_NAV20_no_sector_cap_FULL_modeled_tax,2018-08-31,12.41688925011566
daily_NAV20_no_sector_cap_FULL_modeled_tax,2018-09-30,-0.8776247352245026
daily_NAV20_no_sector_cap_FULL_modeled_tax,2018-10-31,-15.181169100699776
daily_NAV20_no_sector_cap_FULL_modeled_tax,2018-11-30,-14.60978653674887
daily_NAV20_no_sector_cap_FULL_modeled_tax,2018-12-31,-18.80755125067394
daily_NAV20_no_sector_cap_FULL_modeled_tax,2019-01-31,-15.733089001504775
daily_NAV20_no_sector_cap_FULL_modeled_tax,2019-02-28,-13.584185021602513
daily_NAV20_no_sector_cap_FULL_modeled_tax,2019-03-31,-6.0900638832142695
daily_NAV20_no_sector_cap_FULL_modeled_tax,2019-04-30,-11.746820139723436
daily_NAV20_no_sector_cap_FULL_modeled_tax,2019-05-31,-8.425482333763068
daily_NAV20_no_sector_cap_FULL_modeled_tax,2019-06-30,-5.653470328561083
daily_NAV20_no_sector_cap_FULL_modeled_tax,2019-07-31,-15.420648664520476
daily_NAV20_no_sector_cap_FULL_modeled_tax,2019-08-31,-18.81915701566339
daily_NAV20_no_sector_cap_FULL_modeled_tax,2019-09-30,-6.6401490902497695
daily_NAV20_no_sector_cap_FULL_modeled_tax,2019-10-31,2.116644102965126
daily_NAV20_no_sector_cap_FULL_modeled_tax,2019-11-30,5.422220155274005
daily_NAV20_no_sector_cap_FULL_modeled_tax,2019-12-31,8.773965611759849
daily_NAV20_no_sector_cap_FULL_modeled_tax,2020-01-31,10.042415038441831
daily_NAV20_no_sector_cap_FULL_modeled_tax,2020-02-29,7.957760620547982
daily_NAV20_no_sector_cap_FULL_modeled_tax,2020-03-31,-16.120753962396428
daily_NAV20_no_sector_cap_FULL_modeled_tax,2020-04-30,-6.025520576483334
daily_NAV20_no_sector_cap_FULL_modeled_tax,2020-05-31,-8.35037003404655
daily_NAV20_no_sector_cap_FULL_modeled_tax,2020-06-30,1.119289982330085
daily_NAV20_no_sector_cap_FULL_modeled_tax,2020-07-31,9.695477026167755
daily_NAV20_no_sector_cap_FULL_modeled_tax,2020-08-31,16.7874123749564
daily_NAV20_no_sector_cap_FULL_modeled_tax,2020-09-30,33.51337471239513
daily_NAV20_no_sector_cap_FULL_modeled_tax,2020-10-31,35.03600273294405
daily_NAV20_no_sector_cap_FULL_modeled_tax,2020-11-30,53.21495900698005
daily_NAV20_no_sector_cap_FULL_modeled_tax,2020-12-31,50.39324295322638
daily_NAV20_no_sector_cap_FULL_modeled_tax,2021-01-31,44.09133411071602
daily_NAV20_no_sector_cap_FULL_modeled_tax,2021-02-28,73.83057078329733
daily_NAV20_no_sector_cap_FULL_modeled_tax,2021-03-31,130.9958315426451
daily_NAV20_no_sector_cap_FULL_modeled_tax,2021-04-30,124.2219398730077
daily_NAV20_no_sector_cap_FULL_modeled_tax,2021-05-31,162.16627529919646
daily_NAV20_no_sector_cap_FULL_modeled_tax,2021-06-30,140.2929216519555
daily_NAV20_no_sector_cap_FULL_modeled_tax,2021-07-31,134.494288644518
daily_NAV20_no_sector_cap_FULL_modeled_tax,2021-08-31,143.42918352768223
daily_NAV20_no_sector_cap_FULL_modeled_tax,2021-09-30,115.01923213781579
daily_NAV20_no_sector_cap_FULL_modeled_tax,2021-10-31,104.38084427190529
daily_NAV20_no_sector_cap_FULL_modeled_tax,2021-11-30,91.63902768571606
daily_NAV20_no_sector_cap_FULL_modeled_tax,2021-12-31,114.86815723876104
daily_NAV20_no_sector_cap_FULL_modeled_tax,2022-01-31,116.32072545515943
daily_NAV20_no_sector_cap_FULL_modeled_tax,2022-02-28,71.80669301135242
daily_NAV20_no_sector_cap_FULL_modeled_tax,2022-03-31,75.54524986728828
daily_NAV20_no_sector_cap_FULL_modeled_tax,2022-04-30,60.12043833970409
daily_NAV20_no_sector_cap_FULL_modeled_tax,2022-05-31,23.882990544422313
daily_NAV20_no_sector_cap_FULL_modeled_tax,2022-06-30,17.28660488082965
daily_NAV20_no_sector_cap_FULL_modeled_tax,2022-07-31,28.549313402732636
daily_NAV20_no_sector_cap_FULL_modeled_tax,2022-08-31,24.624297295369967
daily_NAV20_no_sector_cap_FULL_modeled_tax,2022-09-30,17.429524349023406
daily_NAV20_no_sector_cap_FULL_modeled_tax,2022-10-31,21.34492669052652
daily_NAV20_no_sector_cap_FULL_modeled_tax,2022-11-30,17.411937891243532
daily_NAV20_no_sector_cap_FULL_modeled_tax,2022-12-31,1.1444293382667947
daily_NAV20_no_sector_cap_FULL_modeled_tax,2023-01-31,-6.146027725348169
daily_NAV20_no_sector_cap_FULL_modeled_tax,2023-02-28,-4.904353279980544
daily_NAV20_no_sector_cap_FULL_modeled_tax,2023-03-31,-14.491035821026133
daily_NAV20_no_sector_cap_FULL_modeled_tax,2023-04-30,-1.8350959741203599
daily_NAV20_no_sector_cap_FULL_modeled_tax,2023-05-31,10.321843788913988
daily_NAV20_no_sector_cap_FULL_modeled_tax,2023-06-30,26.8127437727961
daily_NAV20_no_sector_cap_FULL_modeled_tax,2023-07-31,23.947811539799147
daily_NAV20_no_sector_cap_FULL_modeled_tax,2023-08-31,21.6511221910592
daily_NAV20_no_sector_cap_FULL_modeled_tax,2023-09-30,31.85841933038065
daily_NAV20_no_sector_cap_FULL_modeled_tax,2023-10-31,29.30826517579832
daily_NAV20_no_sector_cap_FULL_modeled_tax,2023-11-30,39.25415086570241
daily_NAV20_no_sector_cap_FULL_modeled_tax,2023-12-31,50.42643241106028
daily_NAV20_no_sector_cap_FULL_modeled_tax,2024-01-31,83.47247651232121
daily_NAV20_no_sector_cap_FULL_modeled_tax,2024-02-29,86.11493358244735
daily_NAV20_no_sector_cap_FULL_modeled_tax,2024-03-31,70.08037735570738
daily_NAV20_no_sector_cap_FULL_modeled_tax,2024-04-30,63.44655997276221
daily_NAV20_no_sector_cap_FULL_modeled_tax,2024-05-31,66.77058415562121
daily_NAV20_no_sector_cap_FULL_modeled_tax,2024-06-30,60.279551992626246
daily_NAV20_no_sector_cap_FULL_modeled_tax,2024-07-31,54.560404163367046
daily_NAV20_no_sector_cap_FULL_modeled_tax,2024-08-31,42.5471544096071
daily_NAV20_no_sector_cap_FULL_modeled_tax,2024-09-30,32.83688689373791
daily_NAV20_no_sector_cap_FULL_modeled_tax,2024-10-31,29.444453404707605
daily_NAV20_no_sector_cap_FULL_modeled_tax,2024-11-30,13.209044544397685
daily_NAV20_no_sector_cap_FULL_modeled_tax,2024-12-31,11.174466436262275
daily_NAV20_no_sector_cap_FULL_modeled_tax,2025-01-31,-14.202844558460193
daily_NAV20_no_sector_cap_FULL_modeled_tax,2025-02-28,-17.4453208286003
daily_NAV20_no_sector_cap_FULL_modeled_tax,2025-03-31,-3.69905894563779
daily_NAV20_no_sector_cap_FULL_modeled_tax,2025-04-30,-13.086830112455372
daily_NAV20_no_sector_cap_FULL_modeled_tax,2025-05-31,-10.95469017929841
daily_NAV20_no_sector_cap_FULL_modeled_tax,2025-06-30,-13.631319775574624
daily_NAV20_no_sector_cap_FULL_modeled_tax,2025-07-31,-16.78527386859142
daily_NAV20_no_sector_cap_FULL_modeled_tax,2025-08-31,-14.127546558538418
daily_NAV20_no_sector_cap_FULL_modeled_tax,2025-09-30,-15.78831189523191
daily_NAV20_no_sector_cap_FULL_modeled_tax,2025-10-31,-13.111456026559088
daily_NAV20_no_sector_cap_FULL_modeled_tax,2025-11-30,-16.425492037990185
daily_NAV20_no_sector_cap_FULL_modeled_tax,2025-12-31,-17.600659674001406
daily_NAV20_no_sector_cap_FULL_modeled_tax,2026-01-31,-8.291177767234059
daily_NAV20_no_sector_cap_FULL_modeled_tax,2026-02-28,1.5202776056084888
daily_NAV20_no_sector_cap_FULL_modeled_tax,2026-03-31,-10.923669893865817
daily_NAV20_no_sector_cap_FULL_modeled_tax,2026-04-30,2.453458751148707
daily_NAV20_no_sector_cap_FULL_modeled_tax,2026-05-31,7.487344681824393
daily_NAV20_no_sector_cap_FULL_modeled_tax,2026-06-30,12.51217575152539
daily_NAV20_no_sector_cap_FULL_modeled_tax,2026-07-31,11.572568621812307
daily_NAV20_no_sector_cap_FULL_modeled_tax,2026-08-31,29.972737994064524
daily_NAV5_sector4_FULL_before_tax,2013-12-31,17.25112270470104
daily_NAV5_sector4_FULL_before_tax,2014-01-31,20.134197704701016
daily_NAV5_sector4_FULL_before_tax,2014-02-28,25.257644111158918
daily_NAV5_sector4_FULL_before_tax,2014-03-31,27.77858631616692
daily_NAV5_sector4_FULL_before_tax,2014-04-30,34.131156362079466
daily_NAV5_sector4_FULL_before_tax,2014-05-31,45.00365104304029
daily_NAV5_sector4_FULL_before_tax,2014-06-30,55.68500708153541
daily_NAV5_sector4_FULL_before_tax,2014-07-31,40.306766681360195
daily_NAV5_sector4_FULL_before_tax,2014-08-31,45.89294041633447
daily_NAV5_sector4_FULL_before_tax,2014-09-30,32.56702185291908
daily_NAV5_sector4_FULL_before_tax,2014-10-31,29.740681539547143
daily_NAV5_sector4_FULL_before_tax,2014-11-30,31.9480633531986
daily_NAV5_sector4_FULL_before_tax,2014-12-31,25.611469078916894
daily_NAV5_sector4_FULL_before_tax,2015-01-31,38.116659788017635
daily_NAV5_sector4_FULL_before_tax,2015-02-28,30.524858222484873
daily_NAV5_sector4_FULL_before_tax,2015-03-31,41.892671880880485
daily_NAV5_sector4_FULL_before_tax,2015-04-30,24.735605348546308
daily_NAV5_sector4_FULL_before_tax,2015-05-31,29.338576117623163
daily_NAV5_sector4_FULL_before_tax,2015-06-30,21.104217403797087
daily_NAV5_sector4_FULL_before_tax,2015-07-31,37.07087747514033
daily_NAV5_sector4_FULL_before_tax,2015-08-31,30.4197515576101
daily_NAV5_sector4_FULL_before_tax,2015-09-30,34.51647307562891
daily_NAV5_sector4_FULL_before_tax,2015-10-31,26.833964111063914
daily_NAV5_sector4_FULL_before_tax,2015-11-30,22.982403163761877
daily_NAV5_sector4_FULL_before_tax,2015-12-31,17.301891633147527
daily_NAV5_sector4_FULL_before_tax,2016-01-31,-4.161464253721925
daily_NAV5_sector4_FULL_before_tax,2016-02-29,-7.929456813187685
daily_NAV5_sector4_FULL_before_tax,2016-03-31,-3.358561440299901
daily_NAV5_sector4_FULL_before_tax,2016-04-30,3.640037264106555
daily_NAV5_sector4_FULL_before_tax,2016-05-31,-7.172903380874873
daily_NAV5_sector4_FULL_before_tax,2016-06-30,-7.0498359430224316
daily_NAV5_sector4_FULL_before_tax,2016-07-31,-5.407228041625267
daily_NAV5_sector4_FULL_before_tax,2016-08-31,0.8649776038891721
daily_NAV5_sector4_FULL_before_tax,2016-09-30,-2.2342356287691767
daily_NAV5_sector4_FULL_before_tax,2016-10-31,-1.9233970735451633
daily_NAV5_sector4_FULL_before_tax,2016-11-30,-3.357767120813848
daily_NAV5_sector4_FULL_before_tax,2016-12-31,-7.5051789443662535
daily_NAV5_sector4_FULL_before_tax,2017-01-31,16.642871577343875
daily_NAV5_sector4_FULL_before_tax,2017-02-28,29.330094674414543
daily_NAV5_sector4_FULL_before_tax,2017-03-31,14.626753182595076
daily_NAV5_sector4_FULL_before_tax,2017-04-30,14.747201213650252
daily_NAV5_sector4_FULL_before_tax,2017-05-31,13.313709499719772
daily_NAV5_sector4_FULL_before_tax,2017-06-30,14.701195946240087
daily_NAV5_sector4_FULL_before_tax,2017-07-31,9.837393354611134
daily_NAV5_sector4_FULL_before_tax,2017-08-31,6.388138563927193
daily_NAV5_sector4_FULL_before_tax,2017-09-30,14.14459476626675
daily_NAV5_sector4_FULL_before_tax,2017-10-31,23.58618675219939
daily_NAV5_sector4_FULL_before_tax,2017-11-30,24.94215253235952
daily_NAV5_sector4_FULL_before_tax,2017-12-31,43.323599091971964
daily_NAV5_sector4_FULL_before_tax,2018-01-31,18.24334873338136
daily_NAV5_sector4_FULL_before_tax,2018-02-28,7.072422456412708
daily_NAV5_sector4_FULL_before_tax,2018-03-31,0.34094582667054674
daily_NAV5_sector4_FULL_before_tax,2018-04-30,9.488021783819555
daily_NAV5_sector4_FULL_before_tax,2018-05-31,18.092024458771007
daily_NAV5_sector4_FULL_before_tax,2018-06-30,11.238601855877928
daily_NAV5_sector4_FULL_before_tax,2018-07-31,20.241849091866726
daily_NAV5_sector4_FULL_before_tax,2018-08-31,24.140754477111503
daily_NAV5_sector4_FULL_before_tax,2018-09-30,7.978051581032819
daily_NAV5_sector4_FULL_before_tax,2018-10-31,-1.4208876076029053
daily_NAV5_sector4_FULL_before_tax,2018-11-30,-5.01109165664082
daily_NAV5_sector4_FULL_before_tax,2018-12-31,-8.833580156948628
daily_NAV5_sector4_FULL_before_tax,2019-01-31,-4.784392914141666
daily_NAV5_sector4_FULL_before_tax,2019-02-28,1.5364076276068728
daily_NAV5_sector4_FULL_before_tax,2019-03-31,15.223962359826594
daily_NAV5_sector4_FULL_before_tax,2019-04-30,4.7215847808378175
daily_NAV5_sector4_FULL_before_tax,2019-05-31,4.177761392033275
daily_NAV5_sector4_FULL_before_tax,2019-06-30,10.237788634438694
daily_NAV5_sector4_FULL_before_tax,2019-07-31,-8.997359772557855
daily_NAV5_sector4_FULL_before_tax,2019-08-31,-13.04228044618323
daily_NAV5_sector4_FULL_before_tax,2019-09-30,4.03655200582731
daily_NAV5_sector4_FULL_before_tax,2019-10-31,4.334292286649077
daily_NAV5_sector4_FULL_before_tax,2019-11-30,12.847873245692965
daily_NAV5_sector4_FULL_before_tax,2019-12-31,12.866850913336192
daily_NAV5_sector4_FULL_before_tax,2020-01-31,18.076378459900933
daily_NAV5_sector4_FULL_before_tax,2020-02-29,18.25518210250381
daily_NAV5_sector4_FULL_before_tax,2020-03-31,-14.194082989248969
daily_NAV5_sector4_FULL_before_tax,2020-04-30,-4.521733974881181
daily_NAV5_sector4_FULL_before_tax,2020-05-31,-8.321414380961144
daily_NAV5_sector4_FULL_before_tax,2020-06-30,-2.459158732311151
daily_NAV5_sector4_FULL_before_tax,2020-07-31,10.277332993755817
daily_NAV5_sector4_FULL_before_tax,2020-08-31,10.189239947122687
daily_NAV5_sector4_FULL_before_tax,2020-09-30,9.337129550312916
daily_NAV5_sector4_FULL_before_tax,2020-10-31,13.12617510525158
daily_NAV5_sector4_FULL_before_tax,2020-11-30,26.43924353946496
daily_NAV5_sector4_FULL_before_tax,2020-12-31,34.08414275276805
daily_NAV5_sector4_FULL_before_tax,2021-01-31,28.305918521633046
daily_NAV5_sector4_FULL_before_tax,2021-02-28,58.725268370098064
daily_NAV5_sector4_FULL_before_tax,2021-03-31,147.30360724996933
daily_NAV5_sector4_FULL_before_tax,2021-04-30,158.89720036260678
daily_NAV5_sector4_FULL_before_tax,2021-05-31,196.32667793492016
daily_NAV5_sector4_FULL_before_tax,2021-06-30,166.30236753633844
daily_NAV5_sector4_FULL_before_tax,2021-07-31,150.29104200203687
daily_NAV5_sector4_FULL_before_tax,2021-08-31,199.07750390360465
daily_NAV5_sector4_FULL_before_tax,2021-09-30,190.7275730715861
daily_NAV5_sector4_FULL_before_tax,2021-10-31,177.2125706602013
daily_NAV5_sector4_FULL_before_tax,2021-11-30,152.8719731355044
daily_NAV5_sector4_FULL_before_tax,2021-12-31,177.40344759786183
daily_NAV5_sector4_FULL_before_tax,2022-01-31,167.02313754564244
daily_NAV5_sector4_FULL_before_tax,2022-02-28,90.3776352271532
daily_NAV5_sector4_FULL_before_tax,2022-03-31,83.43684074064461
daily_NAV5_sector4_FULL_before_tax,2022-04-30,50.68698613639402
daily_NAV5_sector4_FULL_before_tax,2022-05-31,30.540945327977155
daily_NAV5_sector4_FULL_before_tax,2022-06-30,23.695884873131455
daily_NAV5_sector4_FULL_before_tax,2022-07-31,50.574731959233546
daily_NAV5_sector4_FULL_before_tax,2022-08-31,41.461168943139356
daily_NAV5_sector4_FULL_before_tax,2022-09-30,27.853867458874326
daily_NAV5_sector4_FULL_before_tax,2022-10-31,32.23256845231748
daily_NAV5_sector4_FULL_before_tax,2022-11-30,42.68009323688888
daily_NAV5_sector4_FULL_before_tax,2022-12-31,11.232188591222236
daily_NAV5_sector4_FULL_before_tax,2023-01-31,0.3669980468459233
daily_NAV5_sector4_FULL_before_tax,2023-02-28,8.628456084254555
daily_NAV5_sector4_FULL_before_tax,2023-03-31,-8.659889161370094
daily_NAV5_sector4_FULL_before_tax,2023-04-30,10.687914853540391
daily_NAV5_sector4_FULL_before_tax,2023-05-31,13.331709866016084
daily_NAV5_sector4_FULL_before_tax,2023-06-30,43.290843724873525
daily_NAV5_sector4_FULL_before_tax,2023-07-31,28.003107599015365
daily_NAV5_sector4_FULL_before_tax,2023-08-31,23.106017297906313
daily_NAV5_sector4_FULL_before_tax,2023-09-30,34.3506190644749
daily_NAV5_sector4_FULL_before_tax,2023-10-31,33.36943082290578
daily_NAV5_sector4_FULL_before_tax,2023-11-30,36.501958418634395
daily_NAV5_sector4_FULL_before_tax,2023-12-31,44.84256729531637
daily_NAV5_sector4_FULL_before_tax,2024-01-31,102.64786320526716
daily_NAV5_sector4_FULL_before_tax,2024-02-29,98.61047145430528
daily_NAV5_sector4_FULL_before_tax,2024-03-31,95.48380871751492
daily_NAV5_sector4_FULL_before_tax,2024-04-30,86.95342498306434
daily_NAV5_sector4_FULL_before_tax,2024-05-31,93.43016113762116
daily_NAV5_sector4_FULL_before_tax,2024-06-30,69.33503551617106
daily_NAV5_sector4_FULL_before_tax,2024-07-31,79.76964134957967
daily_NAV5_sector4_FULL_before_tax,2024-08-31,40.50885307387166
daily_NAV5_sector4_FULL_before_tax,2024-09-30,34.61786198450947
daily_NAV5_sector4_FULL_before_tax,2024-10-31,30.913041313572066
daily_NAV5_sector4_FULL_before_tax,2024-11-30,6.832884214316692
daily_NAV5_sector4_FULL_before_tax,2024-12-31,16.17084578921899
daily_NAV5_sector4_FULL_before_tax,2025-01-31,-13.626970639437008
daily_NAV5_sector4_FULL_before_tax,2025-02-28,-22.563197689764515
daily_NAV5_sector4_FULL_before_tax,2025-03-31,-5.722643594849453
daily_NAV5_sector4_FULL_before_tax,2025-04-30,-17.899005571514458
daily_NAV5_sector4_FULL_before_tax,2025-05-31,-13.35200940468393
daily_NAV5_sector4_FULL_before_tax,2025-06-30,-14.25780866087254
daily_NAV5_sector4_FULL_before_tax,2025-07-31,-25.416327444244857
daily_NAV5_sector4_FULL_before_tax,2025-08-31,-10.28285488657319
daily_NAV5_sector4_FULL_before_tax,2025-09-30,-12.777146526045847
daily_NAV5_sector4_FULL_before_tax,2025-10-31,-3.061036737932177
daily_NAV5_sector4_FULL_before_tax,2025-11-30,3.7211430656844735
daily_NAV5_sector4_FULL_before_tax,2025-12-31,-0.3417334343479572
daily_NAV5_sector4_FULL_before_tax,2026-01-31,-2.589142346498763
daily_NAV5_sector4_FULL_before_tax,2026-02-28,18.823508379889287
daily_NAV5_sector4_FULL_before_tax,2026-03-31,-9.349509790041921
daily_NAV5_sector4_FULL_before_tax,2026-04-30,28.807602288560542
daily_NAV5_sector4_FULL_before_tax,2026-05-31,36.17548422229297
daily_NAV5_sector4_FULL_before_tax,2026-06-30,51.75710593020006
daily_NAV5_sector4_FULL_before_tax,2026-07-31,50.61909032005616
daily_NAV5_sector4_FULL_before_tax,2026-08-31,83.55939632338638
daily_NAV5_sector4_FULL_modeled_tax,2013-12-31,17.25112270470104
daily_NAV5_sector4_FULL_modeled_tax,2014-01-31,20.134197704701016
daily_NAV5_sector4_FULL_modeled_tax,2014-02-28,25.257644111158918
daily_NAV5_sector4_FULL_modeled_tax,2014-03-31,27.77858631616692
daily_NAV5_sector4_FULL_modeled_tax,2014-04-30,34.131156362079466
daily_NAV5_sector4_FULL_modeled_tax,2014-05-31,45.00365104304029
daily_NAV5_sector4_FULL_modeled_tax,2014-06-30,55.68500708153541
daily_NAV5_sector4_FULL_modeled_tax,2014-07-31,40.306766681360195
daily_NAV5_sector4_FULL_modeled_tax,2014-08-31,45.89294041633447
daily_NAV5_sector4_FULL_modeled_tax,2014-09-30,32.56702185291908
daily_NAV5_sector4_FULL_modeled_tax,2014-10-31,29.740681539547143
daily_NAV5_sector4_FULL_modeled_tax,2014-11-30,31.9480633531986
daily_NAV5_sector4_FULL_modeled_tax,2014-12-31,25.611469078916894
daily_NAV5_sector4_FULL_modeled_tax,2015-01-31,38.116659788017635
daily_NAV5_sector4_FULL_modeled_tax,2015-02-28,30.524858222484873
daily_NAV5_sector4_FULL_modeled_tax,2015-03-31,41.892671880880485
daily_NAV5_sector4_FULL_modeled_tax,2015-04-30,24.784960756466255
daily_NAV5_sector4_FULL_modeled_tax,2015-05-31,29.306883705556473
daily_NAV5_sector4_FULL_modeled_tax,2015-06-30,21.076729127493408
daily_NAV5_sector4_FULL_modeled_tax,2015-07-31,37.02378453488811
daily_NAV5_sector4_FULL_modeled_tax,2015-08-31,30.429992597086187
daily_NAV5_sector4_FULL_modeled_tax,2015-09-30,34.50801629406439
daily_NAV5_sector4_FULL_modeled_tax,2015-10-31,26.829077218359743
daily_NAV5_sector4_FULL_modeled_tax,2015-11-30,23.02598548361372
daily_NAV5_sector4_FULL_modeled_tax,2015-12-31,17.356655620666373
daily_NAV5_sector4_FULL_modeled_tax,2016-01-31,-4.102660555060311
daily_NAV5_sector4_FULL_modeled_tax,2016-02-29,-7.908248535035945
daily_NAV5_sector4_FULL_modeled_tax,2016-03-31,-4.067306242280877
daily_NAV5_sector4_FULL_modeled_tax,2016-04-30,4.087272584136947
daily_NAV5_sector4_FULL_modeled_tax,2016-05-31,-7.1359239166267745
daily_NAV5_sector4_FULL_modeled_tax,2016-06-30,-6.69855303414254
daily_NAV5_sector4_FULL_modeled_tax,2016-07-31,-5.054296163375904
daily_NAV5_sector4_FULL_modeled_tax,2016-08-31,0.7239074085823916
daily_NAV5_sector4_FULL_modeled_tax,2016-09-30,-1.031551735809011
daily_NAV5_sector4_FULL_modeled_tax,2016-10-31,-1.0329161460832514
daily_NAV5_sector4_FULL_modeled_tax,2016-11-30,-1.5397875145534035
daily_NAV5_sector4_FULL_modeled_tax,2016-12-31,-6.444489085520022
daily_NAV5_sector4_FULL_modeled_tax,2017-01-31,17.221570047544212
daily_NAV5_sector4_FULL_modeled_tax,2017-02-28,30.278919564785433
daily_NAV5_sector4_FULL_modeled_tax,2017-03-31,16.48319864488059
daily_NAV5_sector4_FULL_modeled_tax,2017-04-30,15.325365598812724
daily_NAV5_sector4_FULL_modeled_tax,2017-05-31,13.645498452960524
daily_NAV5_sector4_FULL_modeled_tax,2017-06-30,15.425752211826914
daily_NAV5_sector4_FULL_modeled_tax,2017-07-31,10.41022178098494
daily_NAV5_sector4_FULL_modeled_tax,2017-08-31,9.344696875678071
daily_NAV5_sector4_FULL_modeled_tax,2017-09-30,15.438347282939336
daily_NAV5_sector4_FULL_modeled_tax,2017-10-31,25.12952119089189
daily_NAV5_sector4_FULL_modeled_tax,2017-11-30,25.54499846901519
daily_NAV5_sector4_FULL_modeled_tax,2017-12-31,43.16743245869517
daily_NAV5_sector4_FULL_modeled_tax,2018-01-31,16.6431846824999
daily_NAV5_sector4_FULL_modeled_tax,2018-02-28,5.861187085142849
daily_NAV5_sector4_FULL_modeled_tax,2018-03-31,-4.656221315269193
daily_NAV5_sector4_FULL_modeled_tax,2018-04-30,5.219599618438275
daily_NAV5_sector4_FULL_modeled_tax,2018-05-31,13.598709131123666
daily_NAV5_sector4_FULL_modeled_tax,2018-06-30,7.17281220792223
daily_NAV5_sector4_FULL_modeled_tax,2018-07-31,15.441062976101282
daily_NAV5_sector4_FULL_modeled_tax,2018-08-31,15.853553746563698
daily_NAV5_sector4_FULL_modeled_tax,2018-09-30,0.6124510299766461
daily_NAV5_sector4_FULL_modeled_tax,2018-10-31,-7.820190764868418
daily_NAV5_sector4_FULL_modeled_tax,2018-11-30,-11.460313165493762
daily_NAV5_sector4_FULL_modeled_tax,2018-12-31,-14.5437563319729
daily_NAV5_sector4_FULL_modeled_tax,2019-01-31,-8.882948570927773
daily_NAV5_sector4_FULL_modeled_tax,2019-02-28,-4.549402235271616
daily_NAV5_sector4_FULL_modeled_tax,2019-03-31,11.069019186156615
daily_NAV5_sector4_FULL_modeled_tax,2019-04-30,-0.8268374489664665
daily_NAV5_sector4_FULL_modeled_tax,2019-05-31,3.158397861791462
daily_NAV5_sector4_FULL_modeled_tax,2019-06-30,10.326301431344298
daily_NAV5_sector4_FULL_modeled_tax,2019-07-31,-10.98963333335109
daily_NAV5_sector4_FULL_modeled_tax,2019-08-31,-14.683178827124921
daily_NAV5_sector4_FULL_modeled_tax,2019-09-30,3.249405410430084
daily_NAV5_sector4_FULL_modeled_tax,2019-10-31,2.6226974089170074
daily_NAV5_sector4_FULL_modeled_tax,2019-11-30,14.987974929734694
daily_NAV5_sector4_FULL_modeled_tax,2019-12-31,19.926553569772732
daily_NAV5_sector4_FULL_modeled_tax,2020-01-31,29.08568868875694
daily_NAV5_sector4_FULL_modeled_tax,2020-02-29,24.3248065078318
daily_NAV5_sector4_FULL_modeled_tax,2020-03-31,-6.41757114121142
daily_NAV5_sector4_FULL_modeled_tax,2020-04-30,14.852000448838854
daily_NAV5_sector4_FULL_modeled_tax,2020-05-31,12.147034223661212
daily_NAV5_sector4_FULL_modeled_tax,2020-06-30,36.73888920113117
daily_NAV5_sector4_FULL_modeled_tax,2020-07-31,50.59352852601582
daily_NAV5_sector4_FULL_modeled_tax,2020-08-31,70.99451415960239
daily_NAV5_sector4_FULL_modeled_tax,2020-09-30,108.014047318794
daily_NAV5_sector4_FULL_modeled_tax,2020-10-31,135.4565637650746
daily_NAV5_sector4_FULL_modeled_tax,2020-11-30,176.52479166850563
daily_NAV5_sector4_FULL_modeled_tax,2020-12-31,155.90193948121174
daily_NAV5_sector4_FULL_modeled_tax,2021-01-31,129.29268968688314
daily_NAV5_sector4_FULL_modeled_tax,2021-02-28,191.6833830121307
daily_NAV5_sector4_FULL_modeled_tax,2021-03-31,304.6192773995028
daily_NAV5_sector4_FULL_modeled_tax,2021-04-30,243.29108915687843
daily_NAV5_sector4_FULL_modeled_tax,2021-05-31,296.0193917540163
daily_NAV5_sector4_FULL_modeled_tax,2021-06-30,191.8432080511669
daily_NAV5_sector4_FULL_modeled_tax,2021-07-31,188.8418373257726
daily_NAV5_sector4_FULL_modeled_tax,2021-08-31,213.83884103100524
daily_NAV5_sector4_FULL_modeled_tax,2021-09-30,136.63500830209844
daily_NAV5_sector4_FULL_modeled_tax,2021-10-31,113.42394231217128
daily_NAV5_sector4_FULL_modeled_tax,2021-11-30,77.66648357467317
daily_NAV5_sector4_FULL_modeled_tax,2021-12-31,89.7151597873768
daily_NAV5_sector4_FULL_modeled_tax,2022-01-31,106.40132064337142
daily_NAV5_sector4_FULL_modeled_tax,2022-02-28,61.933422715527286
daily_NAV5_sector4_FULL_modeled_tax,2022-03-31,44.7440996686709
daily_NAV5_sector4_FULL_modeled_tax,2022-04-30,46.299589495573976
daily_NAV5_sector4_FULL_modeled_tax,2022-05-31,5.612841355848275
daily_NAV5_sector4_FULL_modeled_tax,2022-06-30,3.132601626428966
daily_NAV5_sector4_FULL_modeled_tax,2022-07-31,18.557267984669924
daily_NAV5_sector4_FULL_modeled_tax,2022-08-31,6.613873639632306
daily_NAV5_sector4_FULL_modeled_tax,2022-09-30,3.154158678640906
daily_NAV5_sector4_FULL_modeled_tax,2022-10-31,6.758354770093167
daily_NAV5_sector4_FULL_modeled_tax,2022-11-30,15.937365336635478
daily_NAV5_sector4_FULL_modeled_tax,2022-12-31,1.769577034980152
daily_NAV5_sector4_FULL_modeled_tax,2023-01-31,-8.194271105676043
daily_NAV5_sector4_FULL_modeled_tax,2023-02-28,-13.982285102521441
daily_NAV5_sector4_FULL_modeled_tax,2023-03-31,-9.573006059650968
daily_NAV5_sector4_FULL_modeled_tax,2023-04-30,11.512119550468247
daily_NAV5_sector4_FULL_modeled_tax,2023-05-31,32.02749195332548
daily_NAV5_sector4_FULL_modeled_tax,2023-06-30,61.414924359101406
daily_NAV5_sector4_FULL_modeled_tax,2023-07-31,47.58398610742604
daily_NAV5_sector4_FULL_modeled_tax,2023-08-31,38.410946155193315
daily_NAV5_sector4_FULL_modeled_tax,2023-09-30,66.27367155985281
daily_NAV5_sector4_FULL_modeled_tax,2023-10-31,58.89192334907438
daily_NAV5_sector4_FULL_modeled_tax,2023-11-30,55.233442737327266
daily_NAV5_sector4_FULL_modeled_tax,2023-12-31,71.04882515532047
daily_NAV5_sector4_FULL_modeled_tax,2024-01-31,104.63999261255582
daily_NAV5_sector4_FULL_modeled_tax,2024-02-29,129.44912799439993
daily_NAV5_sector4_FULL_modeled_tax,2024-03-31,98.17204715953866
daily_NAV5_sector4_FULL_modeled_tax,2024-04-30,65.91143430344226
daily_NAV5_sector4_FULL_modeled_tax,2024-05-31,67.06657054866014
daily_NAV5_sector4_FULL_modeled_tax,2024-06-30,65.15531311822642
daily_NAV5_sector4_FULL_modeled_tax,2024-07-31,69.85292445977194
daily_NAV5_sector4_FULL_modeled_tax,2024-08-31,71.20361226691689
daily_NAV5_sector4_FULL_modeled_tax,2024-09-30,53.09908843826865
daily_NAV5_sector4_FULL_modeled_tax,2024-10-31,52.30103642710917
daily_NAV5_sector4_FULL_modeled_tax,2024-11-30,38.369345258790986
daily_NAV5_sector4_FULL_modeled_tax,2024-12-31,58.769082074242874
daily_NAV5_sector4_FULL_modeled_tax,2025-01-31,17.768392011622147
daily_NAV5_sector4_FULL_modeled_tax,2025-02-28,7.65581320732629
daily_NAV5_sector4_FULL_modeled_tax,2025-03-31,28.247259174900698
daily_NAV5_sector4_FULL_modeled_tax,2025-04-30,18.591899112388234
daily_NAV5_sector4_FULL_modeled_tax,2025-05-31,24.857037258470992
daily_NAV5_sector4_FULL_modeled_tax,2025-06-30,15.36966985762318
daily_NAV5_sector4_FULL_modeled_tax,2025-07-31,-5.8496302142841845
daily_NAV5_sector4_FULL_modeled_tax,2025-08-31,-13.578639816504712
daily_NAV5_sector4_FULL_modeled_tax,2025-09-30,-18.007202825559187
daily_NAV5_sector4_FULL_modeled_tax,2025-10-31,-14.573437966610225
daily_NAV5_sector4_FULL_modeled_tax,2025-11-30,-18.648008976193033
daily_NAV5_sector4_FULL_modeled_tax,2025-12-31,-30.008522071261535
daily_NAV5_sector4_FULL_modeled_tax,2026-01-31,-21.002542025442327
daily_NAV5_sector4_FULL_modeled_tax,2026-02-28,-12.669735111042224
daily_NAV5_sector4_FULL_modeled_tax,2026-03-31,-23.70241335586921
daily_NAV5_sector4_FULL_modeled_tax,2026-04-30,-2.6591643526296838
daily_NAV5_sector4_FULL_modeled_tax,2026-05-31,3.5175976992994684
daily_NAV5_sector4_FULL_modeled_tax,2026-06-30,4.778217519037198
daily_NAV5_sector4_FULL_modeled_tax,2026-07-31,8.560291701919587
daily_NAV5_sector4_FULL_modeled_tax,2026-08-31,37.11479412502028
daily_fixed5_sector4_FULL_before_tax,2013-12-31,17.25112270470104
daily_fixed5_sector4_FULL_before_tax,2014-01-31,20.134197704701016
daily_fixed5_sector4_FULL_before_tax,2014-02-28,25.257644111158918
daily_fixed5_sector4_FULL_before_tax,2014-03-31,26.61559142113843
daily_fixed5_sector4_FULL_before_tax,2014-04-30,32.487907547409776
daily_fixed5_sector4_FULL_before_tax,2014-05-31,42.55991134873525
daily_fixed5_sector4_FULL_before_tax,2014-06-30,54.72023150503962
daily_fixed5_sector4_FULL_before_tax,2014-07-31,42.71584300520364
daily_fixed5_sector4_FULL_before_tax,2014-08-31,48.64333790431734
daily_fixed5_sector4_FULL_before_tax,2014-09-30,39.359445984759155
daily_fixed5_sector4_FULL_before_tax,2014-10-31,36.10960457137327
daily_fixed5_sector4_FULL_before_tax,2014-11-30,39.48997176121467
daily_fixed5_sector4_FULL_before_tax,2014-12-31,33.71922265925633
daily_fixed5_sector4_FULL_before_tax,2015-01-31,43.50985579206803
daily_fixed5_sector4_FULL_before_tax,2015-02-28,39.06589370990217
daily_fixed5_sector4_FULL_before_tax,2015-03-31,50.32765687171281
daily_fixed5_sector4_FULL_before_tax,2015-04-30,34.5568225901489
daily_fixed5_sector4_FULL_before_tax,2015-05-31,41.04744681705046
daily_fixed5_sector4_FULL_before_tax,2015-06-30,32.16364936612332
daily_fixed5_sector4_FULL_before_tax,2015-07-31,46.31782841937804
daily_fixed5_sector4_FULL_before_tax,2015-08-31,35.21235779257403
daily_fixed5_sector4_FULL_before_tax,2015-09-30,33.813828916347035
daily_fixed5_sector4_FULL_before_tax,2015-10-31,27.354197037972927
daily_fixed5_sector4_FULL_before_tax,2015-11-30,20.75924002329732
daily_fixed5_sector4_FULL_before_tax,2015-12-31,16.08968551543477
daily_fixed5_sector4_FULL_before_tax,2016-01-31,-2.240049277629652
daily_fixed5_sector4_FULL_before_tax,2016-02-29,-8.218917027786576
daily_fixed5_sector4_FULL_before_tax,2016-03-31,-7.601561719053562
daily_fixed5_sector4_FULL_before_tax,2016-04-30,-0.878966366508227
daily_fixed5_sector4_FULL_before_tax,2016-05-31,-9.00746630097139
daily_fixed5_sector4_FULL_before_tax,2016-06-30,-7.358929787016577
daily_fixed5_sector4_FULL_before_tax,2016-07-31,-6.833849280753035
daily_fixed5_sector4_FULL_before_tax,2016-08-31,2.3865205765829955
daily_fixed5_sector4_FULL_before_tax,2016-09-30,1.1715206441394344
daily_fixed5_sector4_FULL_before_tax,2016-10-31,2.208833901825824
daily_fixed5_sector4_FULL_before_tax,2016-11-30,4.069042227706898
daily_fixed5_sector4_FULL_before_tax,2016-12-31,-1.9487288254356194
daily_fixed5_sector4_FULL_before_tax,2017-01-31,19.38264344149181
daily_fixed5_sector4_FULL_before_tax,2017-02-28,31.925749856594333
daily_fixed5_sector4_FULL_before_tax,2017-03-31,26.337925355018466
daily_fixed5_sector4_FULL_before_tax,2017-04-30,28.30664681702093
daily_fixed5_sector4_FULL_before_tax,2017-05-31,24.315964984953254
daily_fixed5_sector4_FULL_before_tax,2017-06-30,21.77215140316424
daily_fixed5_sector4_FULL_before_tax,2017-07-31,16.741598897482234
daily_fixed5_sector4_FULL_before_tax,2017-08-31,10.552753496293366
daily_fixed5_sector4_FULL_before_tax,2017-09-30,18.370204727849714
daily_fixed5_sector4_FULL_before_tax,2017-10-31,30.964023131424657
daily_fixed5_sector4_FULL_before_tax,2017-11-30,27.96681651028221
daily_fixed5_sector4_FULL_before_tax,2017-12-31,47.58429975940825
daily_fixed5_sector4_FULL_before_tax,2018-01-31,25.06331528870225
daily_fixed5_sector4_FULL_before_tax,2018-02-28,13.064752835456407
daily_fixed5_sector4_FULL_before_tax,2018-03-31,6.026940221897692
daily_fixed5_sector4_FULL_before_tax,2018-04-30,9.404717493462211
daily_fixed5_sector4_FULL_before_tax,2018-05-31,12.34960792216786
daily_fixed5_sector4_FULL_before_tax,2018-06-30,7.80065081733976
daily_fixed5_sector4_FULL_before_tax,2018-07-31,12.266152637022953
daily_fixed5_sector4_FULL_before_tax,2018-08-31,17.49073414338087
daily_fixed5_sector4_FULL_before_tax,2018-09-30,0.7163395211631451
daily_fixed5_sector4_FULL_before_tax,2018-10-31,-14.002583246816002
daily_fixed5_sector4_FULL_before_tax,2018-11-30,-13.554833085594675
daily_fixed5_sector4_FULL_before_tax,2018-12-31,-18.730789234574363
daily_fixed5_sector4_FULL_before_tax,2019-01-31,-14.758038086100122
daily_fixed5_sector4_FULL_before_tax,2019-02-28,-9.743933208525835
daily_fixed5_sector4_FULL_before_tax,2019-03-31,-1.5253386229114985
daily_fixed5_sector4_FULL_before_tax,2019-04-30,-8.446322046254362
daily_fixed5_sector4_FULL_before_tax,2019-05-31,-6.509065447211215
daily_fixed5_sector4_FULL_before_tax,2019-06-30,-2.938169210171726
daily_fixed5_sector4_FULL_before_tax,2019-07-31,-16.37224254799523
daily_fixed5_sector4_FULL_before_tax,2019-08-31,-21.445005826385067
daily_fixed5_sector4_FULL_before_tax,2019-09-30,-8.65213656108309
daily_fixed5_sector4_FULL_before_tax,2019-10-31,3.027829905968882
daily_fixed5_sector4_FULL_before_tax,2019-11-30,7.612276437374432
daily_fixed5_sector4_FULL_before_tax,2019-12-31,7.753951824473737
daily_fixed5_sector4_FULL_before_tax,2020-01-31,11.254600562460082
daily_fixed5_sector4_FULL_before_tax,2020-02-29,12.104258048964866
daily_fixed5_sector4_FULL_before_tax,2020-03-31,-14.302392670696396
daily_fixed5_sector4_FULL_before_tax,2020-04-30,-1.9357545974359458
daily_fixed5_sector4_FULL_before_tax,2020-05-31,-6.571573796792496
daily_fixed5_sector4_FULL_before_tax,2020-06-30,0.12800503454828416
daily_fixed5_sector4_FULL_before_tax,2020-07-31,10.973486966032775
daily_fixed5_sector4_FULL_before_tax,2020-08-31,15.054272815971558
daily_fixed5_sector4_FULL_before_tax,2020-09-30,17.164191181525123
daily_fixed5_sector4_FULL_before_tax,2020-10-31,9.454369739220091
daily_fixed5_sector4_FULL_before_tax,2020-11-30,17.662856495529986
daily_fixed5_sector4_FULL_before_tax,2020-12-31,24.631901959787616
daily_fixed5_sector4_FULL_before_tax,2021-01-31,20.762406915974907
daily_fixed5_sector4_FULL_before_tax,2021-02-28,43.64077368628063
daily_fixed5_sector4_FULL_before_tax,2021-03-31,101.93444477371672
daily_fixed5_sector4_FULL_before_tax,2021-04-30,104.30213273056488
daily_fixed5_sector4_FULL_before_tax,2021-05-31,139.69939930422873
daily_fixed5_sector4_FULL_before_tax,2021-06-30,127.99809579609209
daily_fixed5_sector4_FULL_before_tax,2021-07-31,121.153364025702
daily_fixed5_sector4_FULL_before_tax,2021-08-31,146.4349635239629
daily_fixed5_sector4_FULL_before_tax,2021-09-30,137.20481273541873
daily_fixed5_sector4_FULL_before_tax,2021-10-31,132.7497482223404
daily_fixed5_sector4_FULL_before_tax,2021-11-30,129.69648930957084
daily_fixed5_sector4_FULL_before_tax,2021-12-31,139.6161440427655
daily_fixed5_sector4_FULL_before_tax,2022-01-31,140.42516041903795
daily_fixed5_sector4_FULL_before_tax,2022-02-28,90.38304817425227
daily_fixed5_sector4_FULL_before_tax,2022-03-31,89.59116605662791
daily_fixed5_sector4_FULL_before_tax,2022-04-30,63.96594966167304
daily_fixed5_sector4_FULL_before_tax,2022-05-31,34.78724298534812
daily_fixed5_sector4_FULL_before_tax,2022-06-30,28.3699089885177
daily_fixed5_sector4_FULL_before_tax,2022-07-31,38.04234571954619
daily_fixed5_sector4_FULL_before_tax,2022-08-31,27.064727162055192
daily_fixed5_sector4_FULL_before_tax,2022-09-30,22.044696698379674
daily_fixed5_sector4_FULL_before_tax,2022-10-31,24.842505023144312
daily_fixed5_sector4_FULL_before_tax,2022-11-30,18.740110000650347
daily_fixed5_sector4_FULL_before_tax,2022-12-31,4.83774654600333
daily_fixed5_sector4_FULL_before_tax,2023-01-31,-0.5872837748784221
daily_fixed5_sector4_FULL_before_tax,2023-02-28,2.071805176237085
daily_fixed5_sector4_FULL_before_tax,2023-03-31,-8.032514934259305
daily_fixed5_sector4_FULL_before_tax,2023-04-30,-0.3602939980284714
daily_fixed5_sector4_FULL_before_tax,2023-05-31,7.385063335552511
daily_fixed5_sector4_FULL_before_tax,2023-06-30,16.19583595746481
daily_fixed5_sector4_FULL_before_tax,2023-07-31,12.57738941228057
daily_fixed5_sector4_FULL_before_tax,2023-08-31,10.645319892156824
daily_fixed5_sector4_FULL_before_tax,2023-09-30,16.02852368768537
daily_fixed5_sector4_FULL_before_tax,2023-10-31,14.704987202185183
daily_fixed5_sector4_FULL_before_tax,2023-11-30,18.11255609907889
daily_fixed5_sector4_FULL_before_tax,2023-12-31,23.31741514120136
daily_fixed5_sector4_FULL_before_tax,2024-01-31,38.21343313071823
daily_fixed5_sector4_FULL_before_tax,2024-02-29,39.602202523455546
daily_fixed5_sector4_FULL_before_tax,2024-03-31,37.601962429328914
daily_fixed5_sector4_FULL_before_tax,2024-04-30,33.51924918481928
daily_fixed5_sector4_FULL_before_tax,2024-05-31,32.88022827558377
daily_fixed5_sector4_FULL_before_tax,2024-06-30,27.945001359148613
daily_fixed5_sector4_FULL_before_tax,2024-07-31,27.48904045475222
daily_fixed5_sector4_FULL_before_tax,2024-08-31,23.42592538486814
daily_fixed5_sector4_FULL_before_tax,2024-09-30,18.690894664895463
daily_fixed5_sector4_FULL_before_tax,2024-10-31,17.39471158365504
daily_fixed5_sector4_FULL_before_tax,2024-11-30,10.053855225548158
daily_fixed5_sector4_FULL_before_tax,2024-12-31,8.680357996424126
daily_fixed5_sector4_FULL_before_tax,2025-01-31,-3.778411737282794
daily_fixed5_sector4_FULL_before_tax,2025-02-28,-4.790866922444536
daily_fixed5_sector4_FULL_before_tax,2025-03-31,-0.9776394352844386
daily_fixed5_sector4_FULL_before_tax,2025-04-30,-4.9725851193126775
daily_fixed5_sector4_FULL_before_tax,2025-05-31,-3.055014444425219
daily_fixed5_sector4_FULL_before_tax,2025-06-30,-3.027237306356456
daily_fixed5_sector4_FULL_before_tax,2025-07-31,-5.176441704328305
daily_fixed5_sector4_FULL_before_tax,2025-08-31,-5.256986648832052
daily_fixed5_sector4_FULL_before_tax,2025-09-30,-5.751785584583303
daily_fixed5_sector4_FULL_before_tax,2025-10-31,-4.591109538407013
daily_fixed5_sector4_FULL_before_tax,2025-11-30,-6.254041084136919
daily_fixed5_sector4_FULL_before_tax,2025-12-31,-6.799575623999199
daily_fixed5_sector4_FULL_before_tax,2026-01-31,-2.7518977324831106
daily_fixed5_sector4_FULL_before_tax,2026-02-28,1.0410158703259675
daily_fixed5_sector4_FULL_before_tax,2026-03-31,-4.776832250492635
daily_fixed5_sector4_FULL_before_tax,2026-04-30,1.1286772815416457
daily_fixed5_sector4_FULL_before_tax,2026-05-31,3.3979970090308287
daily_fixed5_sector4_FULL_before_tax,2026-06-30,6.160287093586425
daily_fixed5_sector4_FULL_before_tax,2026-07-31,5.7822997803469
daily_fixed5_sector4_FULL_before_tax,2026-08-31,13.848102968837829
daily_fixed5_sector4_FULL_modeled_tax,2013-12-31,17.25112270470104
daily_fixed5_sector4_FULL_modeled_tax,2014-01-31,20.134197704701016
daily_fixed5_sector4_FULL_modeled_tax,2014-02-28,25.257644111158918
daily_fixed5_sector4_FULL_modeled_tax,2014-03-31,26.61559142113843
daily_fixed5_sector4_FULL_modeled_tax,2014-04-30,32.487907547409776
daily_fixed5_sector4_FULL_modeled_tax,2014-05-31,42.55991134873525
daily_fixed5_sector4_FULL_modeled_tax,2014-06-30,54.72023150503962
daily_fixed5_sector4_FULL_modeled_tax,2014-07-31,42.71584300520364
daily_fixed5_sector4_FULL_modeled_tax,2014-08-31,48.64333790431734
daily_fixed5_sector4_FULL_modeled_tax,2014-09-30,39.359445984759155
daily_fixed5_sector4_FULL_modeled_tax,2014-10-31,36.10960457137327
daily_fixed5_sector4_FULL_modeled_tax,2014-11-30,39.48997176121467
daily_fixed5_sector4_FULL_modeled_tax,2014-12-31,33.71922265925633
daily_fixed5_sector4_FULL_modeled_tax,2015-01-31,43.50985579206803
daily_fixed5_sector4_FULL_modeled_tax,2015-02-28,39.06589370990217
daily_fixed5_sector4_FULL_modeled_tax,2015-03-31,50.32765687171281
daily_fixed5_sector4_FULL_modeled_tax,2015-04-30,34.56392269398685
daily_fixed5_sector4_FULL_modeled_tax,2015-05-31,41.05426437180946
daily_fixed5_sector4_FULL_modeled_tax,2015-06-30,32.17003343958722
daily_fixed5_sector4_FULL_modeled_tax,2015-07-31,46.37161664254099
daily_fixed5_sector4_FULL_modeled_tax,2015-08-31,35.20730725097836
daily_fixed5_sector4_FULL_modeled_tax,2015-09-30,33.79402263166333
daily_fixed5_sector4_FULL_modeled_tax,2015-10-31,27.29734539313342
daily_fixed5_sector4_FULL_modeled_tax,2015-11-30,20.703295860186
daily_fixed5_sector4_FULL_modeled_tax,2015-12-31,15.994604926787503
daily_fixed5_sector4_FULL_modeled_tax,2016-01-31,-2.330150998923497
daily_fixed5_sector4_FULL_modeled_tax,2016-02-29,-8.310398389358154
daily_fixed5_sector4_FULL_modeled_tax,2016-03-31,-7.667845732574918
daily_fixed5_sector4_FULL_modeled_tax,2016-04-30,-0.8601004102073206
daily_fixed5_sector4_FULL_modeled_tax,2016-05-31,-8.979653434682467
daily_fixed5_sector4_FULL_modeled_tax,2016-06-30,-7.328549068772872
daily_fixed5_sector4_FULL_modeled_tax,2016-07-31,-6.785565679859252
daily_fixed5_sector4_FULL_modeled_tax,2016-08-31,2.509631768471521
daily_fixed5_sector4_FULL_modeled_tax,2016-09-30,1.30684207322036
daily_fixed5_sector4_FULL_modeled_tax,2016-10-31,2.4136829977588814
daily_fixed5_sector4_FULL_modeled_tax,2016-11-30,4.37726293238907
daily_fixed5_sector4_FULL_modeled_tax,2016-12-31,-1.5811402627727844
daily_fixed5_sector4_FULL_modeled_tax,2017-01-31,19.83991250591508
daily_fixed5_sector4_FULL_modeled_tax,2017-02-28,32.44782053617885
daily_fixed5_sector4_FULL_modeled_tax,2017-03-31,26.829267737846774
daily_fixed5_sector4_FULL_modeled_tax,2017-04-30,28.692827758369745
daily_fixed5_sector4_FULL_modeled_tax,2017-05-31,24.605248134832514
daily_fixed5_sector4_FULL_modeled_tax,2017-06-30,22.024792820644336
daily_fixed5_sector4_FULL_modeled_tax,2017-07-31,16.93034093447703
daily_fixed5_sector4_FULL_modeled_tax,2017-08-31,10.877757763079066
daily_fixed5_sector4_FULL_modeled_tax,2017-09-30,18.618657695838927
daily_fixed5_sector4_FULL_modeled_tax,2017-10-31,30.933673336454536
daily_fixed5_sector4_FULL_modeled_tax,2017-11-30,27.95536699515939
daily_fixed5_sector4_FULL_modeled_tax,2017-12-31,47.48039296211639
daily_fixed5_sector4_FULL_modeled_tax,2018-01-31,25.206718336851242
daily_fixed5_sector4_FULL_modeled_tax,2018-02-28,13.248581021158333
daily_fixed5_sector4_FULL_modeled_tax,2018-03-31,3.7426745074285783
daily_fixed5_sector4_FULL_modeled_tax,2018-04-30,7.044217559248844
daily_fixed5_sector4_FULL_modeled_tax,2018-05-31,10.445806547963699
daily_fixed5_sector4_FULL_modeled_tax,2018-06-30,5.797545601643672
daily_fixed5_sector4_FULL_modeled_tax,2018-07-31,10.302756649456303
daily_fixed5_sector4_FULL_modeled_tax,2018-08-31,15.230259386324118
daily_fixed5_sector4_FULL_modeled_tax,2018-09-30,-0.8673294574037205
daily_fixed5_sector4_FULL_modeled_tax,2018-10-31,-15.141437900714983
daily_fixed5_sector4_FULL_modeled_tax,2018-11-30,-15.005537915282464
daily_fixed5_sector4_FULL_modeled_tax,2018-12-31,-20.05247591483442
daily_fixed5_sector4_FULL_modeled_tax,2019-01-31,-16.384052200610665
daily_fixed5_sector4_FULL_modeled_tax,2019-02-28,-11.556897286848145
daily_fixed5_sector4_FULL_modeled_tax,2019-03-31,-1.3286630132894994
daily_fixed5_sector4_FULL_modeled_tax,2019-04-30,-8.202926333786875
daily_fixed5_sector4_FULL_modeled_tax,2019-05-31,-6.890892925173963
daily_fixed5_sector4_FULL_modeled_tax,2019-06-30,-3.357806996856205
daily_fixed5_sector4_FULL_modeled_tax,2019-07-31,-17.061823769017447
daily_fixed5_sector4_FULL_modeled_tax,2019-08-31,-21.351288195217265
daily_fixed5_sector4_FULL_modeled_tax,2019-09-30,-7.824136524590797
daily_fixed5_sector4_FULL_modeled_tax,2019-10-31,-0.2656421169559886
daily_fixed5_sector4_FULL_modeled_tax,2019-11-30,8.22868857658059
daily_fixed5_sector4_FULL_modeled_tax,2019-12-31,10.365293350646532
daily_fixed5_sector4_FULL_modeled_tax,2020-01-31,14.951112836381576
daily_fixed5_sector4_FULL_modeled_tax,2020-02-29,13.17522902931556
daily_fixed5_sector4_FULL_modeled_tax,2020-03-31,-11.80085205467839
daily_fixed5_sector4_FULL_modeled_tax,2020-04-30,4.584042349985351
daily_fixed5_sector4_FULL_modeled_tax,2020-05-31,3.2248617944316216
daily_fixed5_sector4_FULL_modeled_tax,2020-06-30,18.49968170941405
daily_fixed5_sector4_FULL_modeled_tax,2020-07-31,29.518266337444963
daily_fixed5_sector4_FULL_modeled_tax,2020-08-31,41.82835203197812
daily_fixed5_sector4_FULL_modeled_tax,2020-09-30,63.31888619117583
daily_fixed5_sector4_FULL_modeled_tax,2020-10-31,68.11333728018374
daily_fixed5_sector4_FULL_modeled_tax,2020-11-30,89.0478014549066
daily_fixed5_sector4_FULL_modeled_tax,2020-12-31,85.93654440541079
daily_fixed5_sector4_FULL_modeled_tax,2021-01-31,75.3609738365117
daily_fixed5_sector4_FULL_modeled_tax,2021-02-28,112.74047439404495
daily_fixed5_sector4_FULL_modeled_tax,2021-03-31,179.45976423650097
daily_fixed5_sector4_FULL_modeled_tax,2021-04-30,155.21931193773395
daily_fixed5_sector4_FULL_modeled_tax,2021-05-31,199.1182092189613
daily_fixed5_sector4_FULL_modeled_tax,2021-06-30,164.71670245842498
daily_fixed5_sector4_FULL_modeled_tax,2021-07-31,160.80670827588045
daily_fixed5_sector4_FULL_modeled_tax,2021-08-31,164.7631700183494
daily_fixed5_sector4_FULL_modeled_tax,2021-09-30,122.83044495792024
daily_fixed5_sector4_FULL_modeled_tax,2021-10-31,107.03399233616717
daily_fixed5_sector4_FULL_modeled_tax,2021-11-30,85.9685527698403
daily_fixed5_sector4_FULL_modeled_tax,2021-12-31,102.79128809752582
daily_fixed5_sector4_FULL_modeled_tax,2022-01-31,105.97219019876407
daily_fixed5_sector4_FULL_modeled_tax,2022-02-28,65.16363686520874
daily_fixed5_sector4_FULL_modeled_tax,2022-03-31,60.80315655884749
daily_fixed5_sector4_FULL_modeled_tax,2022-04-30,48.72717121526069
daily_fixed5_sector4_FULL_modeled_tax,2022-05-31,19.30452209209399
daily_fixed5_sector4_FULL_modeled_tax,2022-06-30,15.034281709720322
daily_fixed5_sector4_FULL_modeled_tax,2022-07-31,23.200138030379858
daily_fixed5_sector4_FULL_modeled_tax,2022-08-31,15.885927308297854
daily_fixed5_sector4_FULL_modeled_tax,2022-09-30,11.6918823628692
daily_fixed5_sector4_FULL_modeled_tax,2022-10-31,14.136963186248153
daily_fixed5_sector4_FULL_modeled_tax,2022-11-30,9.71879974124301
daily_fixed5_sector4_FULL_modeled_tax,2022-12-31,-1.8714767892436202
daily_fixed5_sector4_FULL_modeled_tax,2023-01-31,-5.590132742796139
daily_fixed5_sector4_FULL_modeled_tax,2023-02-28,-3.3273428562879404
daily_fixed5_sector4_FULL_modeled_tax,2023-03-31,-8.536806464455015
daily_fixed5_sector4_FULL_modeled_tax,2023-04-30,-1.9191076600610035
daily_fixed5_sector4_FULL_modeled_tax,2023-05-31,4.819268677403699
daily_fixed5_sector4_FULL_modeled_tax,2023-06-30,11.957194021843232
daily_fixed5_sector4_FULL_modeled_tax,2023-07-31,8.714782315100166
daily_fixed5_sector4_FULL_modeled_tax,2023-08-31,7.232135497091674
daily_fixed5_sector4_FULL_modeled_tax,2023-09-30,11.58556350077573
daily_fixed5_sector4_FULL_modeled_tax,2023-10-31,10.234056060931152
daily_fixed5_sector4_FULL_modeled_tax,2023-11-30,12.976869298073757
daily_fixed5_sector4_FULL_modeled_tax,2023-12-31,17.379791488392637
daily_fixed5_sector4_FULL_modeled_tax,2024-01-31,29.58117646395806
daily_fixed5_sector4_FULL_modeled_tax,2024-02-29,30.47795576761927
daily_fixed5_sector4_FULL_modeled_tax,2024-03-31,27.371477045797455
daily_fixed5_sector4_FULL_modeled_tax,2024-04-30,24.405524891819642
daily_fixed5_sector4_FULL_modeled_tax,2024-05-31,23.923597490826598
daily_fixed5_sector4_FULL_modeled_tax,2024-06-30,20.004028736186385
daily_fixed5_sector4_FULL_modeled_tax,2024-07-31,19.754183678184177
daily_fixed5_sector4_FULL_modeled_tax,2024-08-31,16.42790341017195
daily_fixed5_sector4_FULL_modeled_tax,2024-09-30,12.532536275660199
daily_fixed5_sector4_FULL_modeled_tax,2024-10-31,11.41378701375524
daily_fixed5_sector4_FULL_modeled_tax,2024-11-30,5.273363850455937
daily_fixed5_sector4_FULL_modeled_tax,2024-12-31,4.175743600105908
daily_fixed5_sector4_FULL_modeled_tax,2025-01-31,-6.619257277355772
daily_fixed5_sector4_FULL_modeled_tax,2025-02-28,-7.577665001856215
daily_fixed5_sector4_FULL_modeled_tax,2025-03-31,-2.0942679803934716
daily_fixed5_sector4_FULL_modeled_tax,2025-04-30,-5.7248269084412495
daily_fixed5_sector4_FULL_modeled_tax,2025-05-31,-3.9640447630530096
daily_fixed5_sector4_FULL_modeled_tax,2025-06-30,-3.933985351664504
daily_fixed5_sector4_FULL_modeled_tax,2025-07-31,-5.89394901680148
daily_fixed5_sector4_FULL_modeled_tax,2025-08-31,-5.969911710206855
daily_fixed5_sector4_FULL_modeled_tax,2025-09-30,-6.4250186520632635
daily_fixed5_sector4_FULL_modeled_tax,2025-10-31,-5.365465175616557
daily_fixed5_sector4_FULL_modeled_tax,2025-11-30,-6.894825749360834
daily_fixed5_sector4_FULL_modeled_tax,2025-12-31,-7.387487482689692
daily_fixed5_sector4_FULL_modeled_tax,2026-01-31,-3.717560812102172
daily_fixed5_sector4_FULL_modeled_tax,2026-02-28,-0.29234933066405455
daily_fixed5_sector4_FULL_modeled_tax,2026-03-31,-4.4171554121359975
daily_fixed5_sector4_FULL_modeled_tax,2026-04-30,1.0429191124230464
daily_fixed5_sector4_FULL_modeled_tax,2026-05-31,3.1453632744750992
daily_fixed5_sector4_FULL_modeled_tax,2026-06-30,5.7047316797811165
daily_fixed5_sector4_FULL_modeled_tax,2026-07-31,5.352792363295422
daily_fixed5_sector4_FULL_modeled_tax,2026-08-31,12.815794224643362
Nifty50_price_only_FULL,2013-12-31,6.1699493907522385
Nifty50_price_only_FULL,2014-01-31,0.9072455362691079
Nifty50_price_only_FULL,2014-02-28,10.25636521723856
Nifty50_price_only_FULL,2014-03-31,17.978724340304986
Nifty50_price_only_FULL,2014-04-30,12.920306229132251
Nifty50_price_only_FULL,2014-05-31,20.781997844953604
Nifty50_price_only_FULL,2014-06-30,30.28225668412583
Nifty50_price_only_FULL,2014-07-31,34.47056774642982
Nifty50_price_only_FULL,2014-08-31,45.36989656054682
Nifty50_price_only_FULL,2014-09-30,38.87329346328876
Nifty50_price_only_FULL,2014-10-31,32.1162379051142
Nifty50_price_only_FULL,2014-11-30,39.056200514888005
Nifty50_price_only_FULL,2014-12-31,31.38800761421321
Nifty50_price_only_FULL,2015-01-31,44.65719681418836
Nifty50_price_only_FULL,2015-02-28,40.90601327077641
Nifty50_price_only_FULL,2015-03-31,26.651949524178864
Nifty50_price_only_FULL,2015-04-30,22.17758795770861
Nifty50_price_only_FULL,2015-05-31,16.64880116736631
Nifty50_price_only_FULL,2015-06-30,9.947643979057608
Nifty50_price_only_FULL,2015-07-31,10.510535790605214
Nifty50_price_only_FULL,2015-08-31,0.21309095023478442
Nifty50_price_only_FULL,2015-09-30,-0.1996283648051489
Nifty50_price_only_FULL,2015-10-31,-3.0809161039148547
Nifty50_price_only_FULL,2015-11-30,-7.603411637993762
Nifty50_price_only_FULL,2015-12-31,-4.060873869631898
Nifty50_price_only_FULL,2016-01-31,-14.137406486621472
Nifty50_price_only_FULL,2016-02-29,-21.002080365420717
Nifty50_price_only_FULL,2016-03-31,-8.863502532092804
Nifty50_price_only_FULL,2016-04-30,-4.054268777119097
Nifty50_price_only_FULL,2016-05-31,-3.2435540957948095
Nifty50_price_only_FULL,2016-06-30,-0.9649280038238617
Nifty50_price_only_FULL,2016-07-31,1.2381560674334935
Nifty50_price_only_FULL,2016-08-31,10.222924742513761
Nifty50_price_only_FULL,2016-09-30,8.331341443470164
Nifty50_price_only_FULL,2016-10-31,7.094150611222694
Nifty50_price_only_FULL,2016-11-30,3.645127752748789
Nifty50_price_only_FULL,2016-12-31,3.013333165541421
Nifty50_price_only_FULL,2017-01-31,13.191556874747935
Nifty50_price_only_FULL,2017-02-28,27.086538667964287
Nifty50_price_only_FULL,2017-03-31,18.548407939625754
Nifty50_price_only_FULL,2017-04-30,18.525949705724965
Nifty50_price_only_FULL,2017-05-31,17.906030563350917
Nifty50_price_only_FULL,2017-06-30,14.879189164731077
Nifty50_price_only_FULL,2017-07-31,16.653354170284196
Nifty50_price_only_FULL,2017-08-31,12.88042612278344
Nifty50_price_only_FULL,2017-09-30,13.673551151704476
Nifty50_price_only_FULL,2017-10-31,19.649224357490148
Nifty50_price_only_FULL,2017-11-30,24.3425132226883
Nifty50_price_only_FULL,2017-12-31,28.645947860929933
Nifty50_price_only_FULL,2018-01-31,28.80870895775176
Nifty50_price_only_FULL,2018-02-28,18.168048110275237
Nifty50_price_only_FULL,2018-03-31,10.24608257255759
Nifty50_price_only_FULL,2018-04-30,15.426615291190426
Nifty50_price_only_FULL,2018-05-31,11.587891386254402
Nifty50_price_only_FULL,2018-06-30,12.534529298700736
Nifty50_price_only_FULL,2018-07-31,12.696112969008944
Nifty50_price_only_FULL,2018-08-31,17.771907359420847
Nifty50_price_only_FULL,2018-09-30,11.66510021862166
Nifty50_price_only_FULL,2018-10-31,0.49635714493050376
Nifty50_price_only_FULL,2018-11-30,6.35796040697989
Nifty50_price_only_FULL,2018-12-31,3.151262499169083
Nifty50_price_only_FULL,2019-01-31,-1.7841435657480753
Nifty50_price_only_FULL,2019-02-28,2.8557541564017352
Nifty50_price_only_FULL,2019-03-31,14.932220651195882
Nifty50_price_only_FULL,2019-04-30,9.393492157346572
Nifty50_price_only_FULL,2019-05-31,11.052844827987673
Nifty50_price_only_FULL,2019-06-30,10.029119961173416
Nifty50_price_only_FULL,2019-07-31,-2.1001188746532784
Nifty50_price_only_FULL,2019-08-31,-5.6268995334103895
Nifty50_price_only_FULL,2019-09-30,4.976922267610195
Nifty50_price_only_FULL,2019-10-31,14.353590202761236
Nifty50_price_only_FULL,2019-11-30,10.842393178109266
Nifty50_price_only_FULL,2019-12-31,12.022039023986085
Nifty50_price_only_FULL,2020-01-31,10.443682225474205
Nifty50_price_only_FULL,2020-02-29,3.791985174889967
Nifty50_price_only_FULL,2020-03-31,-26.03386126859315
Nifty50_price_only_FULL,2020-04-30,-16.07274336810477
Nifty50_price_only_FULL,2020-05-31,-19.647230516321677
Nifty50_price_only_FULL,2020-06-30,-12.611493063360712
Nifty50_price_only_FULL,2020-07-31,-0.400701565029693
Nifty50_price_only_FULL,2020-08-31,3.30437937994692
Nifty50_price_only_FULL,2020-09-30,-1.9774368270374487
Nifty50_price_only_FULL,2020-10-31,-1.9789601303309978
Nifty50_price_only_FULL,2020-11-30,7.572131834224316
Nifty50_price_only_FULL,2020-12-31,14.901651401780835
Nifty50_price_only_FULL,2021-01-31,13.9816587388502
Nifty50_price_only_FULL,2021-02-28,29.704287276541596
Nifty50_price_only_FULL,2021-03-31,70.86679654560785
Nifty50_price_only_FULL,2021-04-30,48.389943102871236
Nifty50_price_only_FULL,2021-05-31,62.654614156132915
Nifty50_price_only_FULL,2021-06-30,52.60480872831752
Nifty50_price_only_FULL,2021-07-31,42.34994513904884
Nifty50_price_only_FULL,2021-08-31,50.44742041712404
Nifty50_price_only_FULL,2021-09-30,56.63989046503464
Nifty50_price_only_FULL,2021-10-31,51.78700267985985
Nifty50_price_only_FULL,2021-11-30,30.95277566803789
Nifty50_price_only_FULL,2021-12-31,24.11929837109088
Nifty50_price_only_FULL,2022-01-31,27.17534801167616
Nifty50_price_only_FULL,2022-02-28,15.587629007891056
Nifty50_price_only_FULL,2022-03-31,18.883034845174173
Nifty50_price_only_FULL,2022-04-30,16.891757967616925
Nifty50_price_only_FULL,2022-05-31,6.428562260954385
Nifty50_price_only_FULL,2022-06-30,0.37369207772797175
Nifty50_price_only_FULL,2022-07-31,8.85107894728494
Nifty50_price_only_FULL,2022-08-31,3.6603588564224188
Nifty50_price_only_FULL,2022-09-30,-2.973070384802079
Nifty50_price_only_FULL,2022-10-31,1.9270979223784845
Nifty50_price_only_FULL,2022-11-30,10.452388242498456
Nifty50_price_only_FULL,2022-12-31,4.328960674885685
Nifty50_price_only_FULL,2023-01-31,1.8587242680876859
Nifty50_price_only_FULL,2023-02-28,3.037114666634877
Nifty50_price_only_FULL,2023-03-31,-0.6012110107502244
Nifty50_price_only_FULL,2023-04-30,5.627523381016264
Nifty50_price_only_FULL,2023-05-31,11.757026871395393
Nifty50_price_only_FULL,2023-06-30,21.601685651367998
Nifty50_price_only_FULL,2023-07-31,15.12712543528625
Nifty50_price_only_FULL,2023-08-31,8.415309161960206
Nifty50_price_only_FULL,2023-09-30,14.881817676600772
Nifty50_price_only_FULL,2023-10-31,5.925983500072163
Nifty50_price_only_FULL,2023-11-30,7.329002817412
Nifty50_price_only_FULL,2023-12-31,20.027837152656947
Nifty50_price_only_FULL,2024-01-31,23.0071084211152
Nifty50_price_only_FULL,2024-02-29,27.03920203190602
Nifty50_price_only_FULL,2024-03-31,28.613027261337276
Nifty50_price_only_FULL,2024-04-30,25.13063935787436
Nifty50_price_only_FULL,2024-05-31,21.561528832872902
Nifty50_price_only_FULL,2024-06-30,25.126569580046954
Nifty50_price_only_FULL,2024-07-31,26.310633903350222
Nifty50_price_only_FULL,2024-08-31,31.06971091420916
Nifty50_price_only_FULL,2024-09-30,31.4311829435338
Nifty50_price_only_FULL,2024-10-31,26.865081028952396
Nifty50_price_only_FULL,2024-11-30,19.857548371715296
Nifty50_price_only_FULL,2024-12-31,8.804770976559272
Nifty50_price_only_FULL,2025-01-31,8.205489351321237
Nifty50_price_only_FULL,2025-02-28,0.6455046672853237
Nifty50_price_only_FULL,2025-03-31,5.340866846718528
Nifty50_price_only_FULL,2025-04-30,7.650349371926812
Nifty50_price_only_FULL,2025-05-31,9.85322249197762
Nifty50_price_only_FULL,2025-06-30,6.274103937427644
Nifty50_price_only_FULL,2025-07-31,-0.7326315620722723
Nifty50_price_only_FULL,2025-08-31,-3.2059486683653104
Nifty50_price_only_FULL,2025-09-30,-4.648239015762757
Nifty50_price_only_FULL,2025-10-31,6.2661766923428175
Nifty50_price_only_FULL,2025-11-30,8.585808355193091
Nifty50_price_only_FULL,2025-12-31,10.508864528352957
Nifty50_price_only_FULL,2026-01-31,7.708946589304255
Nifty50_price_only_FULL,2026-02-28,13.803351005889342
Nifty50_price_only_FULL,2026-03-31,-5.050947411386797
Nifty50_price_only_FULL,2026-04-30,-1.3834438773413504
Nifty50_price_only_FULL,2026-05-31,-4.860266578318995
Nifty50_price_only_FULL,2026-06-30,-6.471359346005912
Nifty50_price_only_FULL,2026-07-31,-1.5533937464546566
Nifty50_price_only_FULL,2026-08-31,-1.4183163199512072
